wavelength_um, flux_erg/cm2/s/cm
9.984684664945664423e+00,1.171585845970982933e+10
9.951457760902583161e+00,1.183095904026087189e+10
9.918341428919545066e+00,1.171733792468834686e+10
9.885335301036285216e+00,1.138864516545133972e+10
9.852439010517029416e+00,1.205711079519631386e+10
9.819652191846424572e+00,1.201648894895532417e+10
9.786974480725472603e+00,1.249711412171928787e+10
9.754405514067482130e+00,1.250617730100476074e+10
9.721944929994046802e+00,1.263151768784362602e+10
9.689592367831005859e+00,1.275111906917347336e+10
9.657347468104447330e+00,1.278177489035630608e+10
9.625209872536711231e+00,1.284832137905788422e+10
9.593179224042414077e+00,1.305593779909897232e+10
9.561255166724468069e+00,1.331293813363674355e+10
9.529437345870142906e+00,1.347611690288320732e+10
9.497725407947113396e+00,1.342342264411690712e+10
9.466119000599535482e+00,1.359350982418000793e+10
9.434617772644131151e+00,1.345443983861883354e+10
9.403221374066280447e+00,1.371650342778908539e+10
9.371929456016141913e+00,1.397283948388560486e+10
9.340741670804776575e+00,1.439699683173047829e+10
9.309657671900266607e+00,1.439330311784183311e+10
9.278677113923894382e+00,1.453105535539239502e+10
9.247799652646277124e+00,1.476011041418934250e+10
9.217024944983560175e+00,1.499876858563620567e+10
9.186352648993601377e+00,1.508609090378933907e+10
9.155782423872159015e+00,1.502608833724842072e+10
9.125313929949122382e+00,1.546152899110062218e+10
9.094946828684733475e+00,1.541584928646366692e+10
9.064680782665815784e+00,1.558696007993632126e+10
9.034515455602036837e+00,1.527601453597570801e+10
9.004450512322161870e+00,1.601746114829546547e+10
8.974485618770339457e+00,1.575641136772982216e+10
8.944620442002385374e+00,1.591959655654725266e+10
8.914854650182078899e+00,1.610518199581413651e+10
8.885187912577478642e+00,1.633173368375272179e+10
8.855619899557254371e+00,1.653637487893270493e+10
8.826150282587015283e+00,1.631602668517179871e+10
8.796778734225661367e+00,1.582927118839334297e+10
8.767504928121747199e+00,1.640779121742577362e+10
8.738328539009863505e+00,1.669640982648382378e+10
8.709249242707002736e+00,1.633026062841850662e+10
8.680266716108974379e+00,1.611441873061828423e+10
8.651380637186814937e+00,1.664153923924326134e+10
8.622590684983197917e+00,1.576814626681156158e+10
8.593896539608877561e+00,1.660088790146813202e+10
8.565297882239132576e+00,1.576645336020119858e+10
8.536794395110215206e+00,1.578149855289743805e+10
8.508385761515841139e+00,1.531422206402014351e+10
8.480071665803642134e+00,1.595530787106943321e+10
8.451851793371682575e+00,1.517140910819843483e+10
8.423725830664954728e+00,1.520822898007106400e+10
8.395693465171893521e+00,1.510822797700436974e+10
8.367754385420905550e+00,1.455093636221968460e+10
8.339908280976908728e+00,1.476188859833932877e+10
8.312154842437884383e+00,1.458361820893080139e+10
8.284493761431434677e+00,1.627650633213883018e+10
8.256924730611363117e+00,1.389453146465294838e+10
8.229447443654253291e+00,1.539847011999835014e+10
8.202061595256070703e+00,1.360783003047557640e+10
8.174766881128764595e+00,1.365775428457674599e+10
8.147562997996887546e+00,1.447169952662343216e+10
8.120449643594234601e+00,1.497551569308468819e+10
8.093426516660478853e+00,1.461581855550255203e+10
8.066493316937812352e+00,1.471089322308221626e+10
8.039649745167636752e+00,1.420774720743621826e+10
8.012895503087213100e+00,1.375400177488302422e+10
7.986230293426357818e+00,1.595892286321628380e+10
7.959653819904140448e+00,1.509999555099339867e+10
7.933165787225590293e+00,1.389198830894625473e+10
7.906765901078417258e+00,1.334385998016168785e+10
7.880453868129736250e+00,1.324557763588694000e+10
7.854229396022815557e+00,1.368150525486631584e+10
7.828092193373821672e+00,1.323687394465566826e+10
7.802041969768583662e+00,1.217814415124093246e+10
7.776078435759370855e+00,1.228386567174759293e+10
7.750201302861670527e+00,1.080550446907593918e+10
7.724410283550982470e+00,1.108117324725187683e+10
7.698705091259631317e+00,1.057668373047715378e+10
7.673085440373576205e+00,1.077465954846382904e+10
7.647551046229237315e+00,1.708699458012110901e+10
7.622101625110339285e+00,1.806637491747165298e+10
7.596736894244746630e+00,1.599490591590961266e+10
7.571456571801338242e+00,1.667626615454533768e+10
7.546260376886857912e+00,1.575007456211713409e+10
7.521148029542807478e+00,1.684627424266079330e+10
7.496119250742332873e+00,1.591279589058209991e+10
7.471173762387119055e+00,1.220474070731455612e+10
7.446311287304299142e+00,1.441698328542812729e+10
7.421531549243385761e+00,1.414452006002607346e+10
7.396834272873192617e+00,1.564689957777625656e+10
7.372219183778772056e+00,1.423488403063716125e+10
7.347686008458377493e+00,1.413899972905544853e+10
7.323234474320412524e+00,1.635232569518298531e+10
7.298864309680411111e+00,1.528574926133985138e+10
7.274575243758015120e+00,1.626326528656485367e+10
7.250367006673959835e+00,1.623250716503907394e+10
7.226239329447092352e+00,1.764379914296723175e+10
7.202191943991361534e+00,1.788209938920354843e+10
7.178224583112855051e+00,1.854856219070455551e+10
7.154336980506822208e+00,1.815604129572117233e+10
7.130528870754718973e+00,2.107699117265818787e+10
7.106799989321260114e+00,2.101926002024796295e+10
7.083150072551472221e+00,2.226263119953057480e+10
7.059578857667773377e+00,2.123742289069196320e+10
7.036086082767048389e+00,2.179873954133198929e+10
7.012671486817740885e+00,2.295068495544338226e+10
6.989334809656949865e+00,2.619145572872346115e+10
6.966075791987543120e+00,2.190900524498358536e+10
6.942894175375271537e+00,2.708590740507329178e+10
6.919789702245902951e+00,2.905332418459140778e+10
6.896762115882355992e+00,2.808678077918984985e+10
6.873811160421849031e+00,2.066220661638026047e+10
6.850936580853058011e+00,2.340824650667091751e+10
6.828138123013279603e+00,2.133773316960293961e+10
6.805415533585614796e+00,2.474279770106668091e+10
6.782768560096145372e+00,2.184587290155781174e+10
6.760196950911133484e+00,2.742549719196850204e+10
6.737700455234225672e+00,2.762246827084658051e+10
6.715278823103662198e+00,2.140836082740052414e+10
6.692931805389507716e+00,2.826533534746646881e+10
6.670659153790873042e+00,2.728603745071749115e+10
6.648460620833166246e+00,2.546250234725354385e+10
6.626335959865335745e+00,1.591577124507188034e+10
6.604284925057132050e+00,2.241020259992729950e+10
6.582307271396376613e+00,2.193647887047415543e+10
6.560402754686239568e+00,2.516737118833529282e+10
6.538571131542524562e+00,2.706375953520312119e+10
6.516812159390967807e+00,2.573961275974318314e+10
6.495125596464542461e+00,2.373717417296133804e+10
6.473511201800766557e+00,2.411640067158948898e+10
6.451968735239034025e+00,3.076452972165427780e+10
6.430497957417939503e+00,2.959888636642361450e+10
6.409098629772621791e+00,2.751479072226361847e+10
6.387770514532114419e+00,3.770307299603391266e+10
6.366513374716698870e+00,3.803777903173780060e+10
6.345326974135279130e+00,3.727021418429263306e+10
6.324211077382749124e+00,4.368433698699263000e+10
6.303165449837382361e+00,4.602574880710932922e+10
6.282189857658223353e+00,4.320090163994940186e+10
6.261284067782488805e+00,4.381894982403613281e+10
6.240447847922979463e+00,4.170346214188481140e+10
6.219680966565498181e+00,4.264292370202260590e+10
6.198983192966278644e+00,4.349098470934887695e+10
6.178354297149420304e+00,3.758701757124972534e+10
6.157794049904330436e+00,3.854067607507541656e+10
6.137302222783184824e+00,4.668329967079150391e+10
6.116878588098381364e+00,3.998768282828536987e+10
6.096522918920017631e+00,4.181568515003850555e+10
6.076234989073363124e+00,3.731689878811807251e+10
6.056014573136346613e+00,3.375204117499708557e+10
6.035861446437058575e+00,3.680859212473140717e+10
6.015775385051244761e+00,4.114501044681460571e+10
5.995756165799826398e+00,4.141590404405132294e+10
5.975803566246416842e+00,3.803851104564650726e+10
5.955917364694847116e+00,3.844049936381234741e+10
5.936097340186711868e+00,3.450350938335768890e+10
5.916343272498902905e+00,4.144199639644715118e+10
5.896654942141168476e+00,3.637611719758095551e+10
5.877032130353677886e+00,3.151841555151953506e+10
5.857474619104580782e+00,4.014303601000782776e+10
5.837982191087593975e+00,3.429118562685834503e+10
5.818554629719582039e+00,3.702757275486327362e+10
5.799191719138153012e+00,4.412775943566395569e+10
5.779893244199256763e+00,3.899098655240095520e+10
5.760658990474800234e+00,3.773378717958335114e+10
5.741488744250259124e+00,3.938867387130626678e+10
5.722382292522305569e+00,3.578171782995880127e+10
5.703339422996441144e+00,4.180968580038804626e+10
5.684359924084638749e+00,3.898793262091928864e+10
5.665443584902993379e+00,4.554681833859825897e+10
5.646590195269372003e+00,3.749668615601873016e+10
5.627799545701089201e+00,4.615537056269064331e+10
5.609071427412565924e+00,4.219873825369152069e+10
5.590405632313023787e+00,4.815547379746022797e+10
5.571801953004162478e+00,4.030636087374127960e+10
5.553260182777858489e+00,3.969902989384177399e+10
5.534780115613871843e+00,4.999922383589901733e+10
5.516361546177553699e+00,4.482322931448203278e+10
5.498004269817561074e+00,5.327550809868223572e+10
5.479708082563592875e+00,5.069039914505094910e+10
5.461472781124113496e+00,4.427323970460152435e+10
5.443298162884099511e+00,5.510124364690370178e+10
5.425184025902788143e+00,3.995073097059375763e+10
5.407130168911431056e+00,4.905678213816066742e+10
5.389136391311060592e+00,6.038369032952980804e+10
5.371202493170259551e+00,4.972123812239900208e+10
5.353328275222937194e+00,4.861557056922418213e+10
5.335513538866122119e+00,6.631767165041747284e+10
5.317758086157748920e+00,6.182028857717702484e+10
5.300061719814461725e+00,5.653118271811662292e+10
5.282424243209423054e+00,5.478391529930014038e+10
5.264845460370123575e+00,6.150653078050895691e+10
5.247325175976212286e+00,6.353879502182603455e+10
5.229863195357323136e+00,6.425658542565930939e+10
5.212459324490909651e+00,5.563066158715332031e+10
5.195113370000091990e+00,6.223624954004443359e+10
5.177825139151505773e+00,6.740637310332018280e+10
5.160594439853165127e+00,6.711373402141328430e+10
5.143421080652322175e+00,5.716772188243869781e+10
5.126304870733346064e+00,7.003800141175866699e+10
5.109245619915597558e+00,6.707919978631365204e+10
5.092243138651319612e+00,7.156207696204629517e+10
5.075297238023528834e+00,6.934603056088031006e+10
5.058407729743915837e+00,7.440488226784611511e+10
5.041574426150758015e+00,7.257479550362113953e+10
5.024797140206829660e+00,6.422777915591098022e+10
5.008075685497322738e+00,7.489839729234886169e+10
4.991409876227780984e+00,7.632244177457563782e+10
4.974799527222032225e+00,7.605054493728544617e+10
4.958244453920128691e+00,6.896141595918821716e+10
4.941744472376301545e+00,7.678338485263774109e+10
4.925299399256912736e+00,7.854162254124877930e+10
4.908909051838421078e+00,8.030180130722445679e+10
4.892573248005348319e+00,7.500940888900538635e+10
4.876291806248259419e+00,7.938486946095843506e+10
4.860064545661742841e+00,8.207671062358834839e+10
4.843891285942404146e+00,7.563627708975643921e+10
4.827771847386854276e+00,8.340830941461691284e+10
4.811706050889726249e+00,8.194791871756112671e+10
4.795693717941674095e+00,8.248891638200013733e+10
4.779734670627393101e+00,7.910696491326118469e+10
4.763828731623640955e+00,8.691210925150144958e+10
4.747975724197273095e+00,8.670188203366961670e+10
4.732175472203272726e+00,8.259995263200610352e+10
4.716427800082795940e+00,8.797561048150119019e+10
4.700732532861221280e+00,8.762530572545191956e+10
4.685089496146209065e+00,8.618207042904075623e+10
4.669498516125756282e+00,8.693453176063325500e+10
4.653959419566270128e+00,8.981007375842160034e+10
4.638472033810641548e+00,9.165323087316168213e+10
4.623036186776330325e+00,8.863555730614630127e+10
4.607651706953447501e+00,9.232964889616726685e+10
4.592318423402852900e+00,9.312042624967228699e+10
4.577036165754257979e+00,9.099331091082861328e+10
4.561804764204327789e+00,9.494553579162387085e+10
4.546624049514795374e+00,9.509063229747923279e+10
4.531493853010586825e+00,9.200888943125570679e+10
4.516414006577939233e+00,9.424086586401101685e+10
4.501384342662538174e+00,9.573793430516082764e+10
4.486404694267654314e+00,9.663880568361734009e+10
4.471474894952289780e+00,9.583653797874552917e+10
4.456594778829320092e+00,9.906694023852944946e+10
4.441764180563663622e+00,9.801869172824140930e+10
4.426982935370441297e+00,9.581461882380722046e+10
4.412250879013135396e+00,1.002231247003630829e+11
4.397567847801777674e+00,9.767436994603230286e+10
4.382933678591123261e+00,9.936309181003004456e+10
4.368348208778839670e+00,9.902027967170307922e+10
4.353811276303702904e+00,9.883385299377716064e+10
4.339322719643790904e+00,9.904074003789482117e+10
4.324882377814692980e+00,9.829123805459425354e+10
4.310490090367721905e+00,1.001853478181691742e+11
4.296145697388130458e+00,9.861960427160186768e+10
4.281849039493327069e+00,9.921285284442408752e+10
4.267599957831119895e+00,1.000513855072640686e+11
4.253398294077937791e+00,1.021418548620637512e+11
4.239243890437079720e+00,1.014427524193932800e+11
4.225136589636956153e+00,1.021267769368815308e+11
4.211076234929346462e+00,1.022447191099200745e+11
4.197062670087650993e+00,1.010475495068562469e+11
4.183095739405163549e+00,1.030301009098375854e+11
4.169175287693333232e+00,1.034127671338578644e+11
4.155301160280044037e+00,1.028759342986434174e+11
4.141473203007897119e+00,1.023485645632676239e+11
4.127691262232496605e+00,1.034585857806830902e+11
4.113955184820741628e+00,1.029990020227229462e+11
4.100264818149125468e+00,1.033128291309515381e+11
4.086620010102040013e+00,1.032211954500860748e+11
4.073020609070087339e+00,1.042433230455447998e+11
4.059466463948390391e+00,1.042420983893571167e+11
4.045957424134917879e+00,1.051840255447349854e+11
4.032493339528811838e+00,1.057518764138989868e+11
4.019074060528715187e+00,1.064843584372600250e+11
4.005699438031116166e+00,1.071095517009684753e+11
3.992369323428683003e+00,1.079238849813759766e+11
3.979083568608620780e+00,1.085167208404519501e+11
3.965842025951021643e+00,1.096193839339206390e+11
3.952644548327224339e+00,1.108019573510747986e+11
3.939490989098182183e+00,1.113469152445018921e+11
3.926381202112830593e+00,1.123525333018462677e+11
3.913315041706464825e+00,1.130980739928952332e+11
3.900292362699122162e+00,1.139550905618039703e+11
3.887313020393967200e+00,1.153523355336743622e+11
3.874376870575685139e+00,1.157508738464110107e+11
3.861483769508876840e+00,1.163070257405124969e+11
3.848633573936468100e+00,1.173179146503009796e+11
3.835826141078110929e+00,1.188699014404897614e+11
3.823061328628599043e+00,1.196243106405819855e+11
3.810338994756291342e+00,1.210230488111536865e+11
3.797658998101528294e+00,1.209630824829040222e+11
3.785021197775067847e+00,1.199328382863860321e+11
3.772425453356514691e+00,1.218144416106150513e+11
3.759871624892765940e+00,1.229445697615701752e+11
3.747359572896451052e+00,1.223684627580316620e+11
3.734889158344382398e+00,1.242384914084290009e+11
3.722460242676015607e+00,1.228004024457797852e+11
3.710072687791902801e+00,1.224116577452290649e+11
3.697726356052162267e+00,1.239421313289534912e+11
3.685421110274950784e+00,1.203388253524092407e+11
3.673156813734934190e+00,1.184669797642567749e+11
3.660933330161773025e+00,1.206384323365398102e+11
3.648750523738605978e+00,1.129130097567458954e+11
3.636608259100540419e+00,1.130518409967909241e+11
3.624506401333151384e+00,1.086276854582138062e+11
3.612444815970977885e+00,1.008799687175383759e+11
3.600423368996032547e+00,1.001649060717802887e+11
3.588441926836311691e+00,9.459056423083914185e+10
3.576500356364310740e+00,9.230995321690744019e+10
3.564598524895544518e+00,8.816091123124398804e+10
3.552736300187073759e+00,8.319458663425717163e+10
3.540913550436035617e+00,7.713109962737487793e+10
3.529130144278178172e+00,7.659556980550492859e+10
3.517385950786403814e+00,7.643799762075234985e+10
3.505680839469311305e+00,6.937592798748797607e+10
3.494014680269746265e+00,6.749610660551758575e+10
3.482387343563357884e+00,6.732404521018886566e+10
3.470798700157156969e+00,5.990082449734961700e+10
3.459248621288081971e+00,6.418815216068271637e+10
3.447736978621565473e+00,6.396345411079712677e+10
3.436263644250112659e+00,5.967578299163078308e+10
3.424828490691876226e+00,6.309645274900813293e+10
3.413431390889240635e+00,6.459275704848583221e+10
3.402072218207412568e+00,6.995442539909623718e+10
3.390750846433012278e+00,6.728578747360615540e+10
3.379467149772669377e+00,7.133201881499151611e+10
3.368221002851628842e+00,6.837242148243212128e+10
3.357012280712355246e+00,5.899997301747312164e+10
3.345840858813145857e+00,4.066318248822582245e+10
3.334706613026746425e+00,2.348481030036541367e+10
3.323609419638970497e+00,1.406477846095628738e+10
3.312549155347326746e+00,3.968037134077957916e+10
3.301525697259648506e+00,8.730752211749713135e+10
3.290538922892727758e+00,8.797757115435945129e+10
3.279588710170954879e+00,8.681608520083592224e+10
3.268674937424961957e+00,7.714670066549555969e+10
3.257797483390270088e+00,7.296666856195137024e+10
3.246956227205942902e+00,6.569731069613243103e+10
3.236151048413244080e+00,5.809967730500177002e+10
3.225381826954298869e+00,5.397697977703832245e+10
3.214648443170757375e+00,5.771409213733168030e+10
3.203950777802468508e+00,5.221974317340213776e+10
3.193288711986153494e+00,5.690540190372750854e+10
3.182662127254086926e+00,5.625043610972883606e+10
3.172070905532775154e+00,6.177160046725952148e+10
3.161514929141651109e+00,6.135476689939478302e+10
3.150994080791762020e+00,6.412397868252420044e+10
3.140508243584468229e+00,7.413810693749011230e+10
3.130057301010144233e+00,8.425858224666699219e+10
3.119641136946882387e+00,8.723844387078233337e+10
3.109259635659205490e+00,9.840930583880584717e+10
3.098912681796778923e+00,1.020684902237329559e+11
3.088600160393129013e+00,1.018398457759080811e+11
3.078321956864366715e+00,1.192416940185511932e+11
3.068077957007912637e+00,1.182984221810799408e+11
3.057868047001231382e+00,1.331195891255395660e+11
3.047692113400561453e+00,1.270705260064739380e+11
3.037550043139661149e+00,1.468141141168544617e+11
3.027441723528547346e+00,1.417384379096572876e+11
3.017367042252246279e+00,1.397338831379114685e+11
3.007325887369543427e+00,1.312450979865816040e+11
2.997318147311741399e+00,1.397663942681623840e+11
2.987343710881419589e+00,1.335035814387333832e+11
2.977402467251198726e+00,1.345951022477250977e+11
2.967494305962508960e+00,1.235585820947494354e+11
2.957619116924364189e+00,1.309919797492472992e+11
2.947776790412136361e+00,1.244901644611379700e+11
2.937967217066339121e+00,1.355801543896124878e+11
2.928190287891409671e+00,1.187068905127082062e+11
2.918445894254499962e+00,1.273374737690411072e+11
2.908733927884268322e+00,1.071621438199353638e+11
2.899054280869678646e+00,1.267808252977570648e+11
2.889406845658798240e+00,9.460302710023394775e+10
2.879791515057603668e+00,1.242593647672097473e+11
2.870208182228793259e+00,9.628943160473390198e+10
2.860656740690593836e+00,1.156107188016594696e+11
2.851137084315583881e+00,9.057823874704466248e+10
2.841649107329508706e+00,1.108869830078810425e+11
2.832192704310109388e+00,1.037413521901943512e+11
2.822767770185949043e+00,9.407285100527894592e+10
2.813374200235247091e+00,1.023589848833430328e+11
2.804011890084713965e+00,8.432656282911602783e+10
2.794680735708392039e+00,1.180077042679590759e+11
2.785380633426500552e+00,7.831103030635252380e+10
2.776111479904282753e+00,9.746940260398416138e+10
2.766873172150857485e+00,7.505395632856408691e+10
2.757665607518076101e+00,9.901962364604789734e+10
2.748488683699380264e+00,1.213789342059258728e+11
2.739342298728666858e+00,8.288656466296160889e+10
2.730226350979153782e+00,1.253621195123038635e+11
2.721140739162251965e+00,8.346216299953848267e+10
2.712085362326436933e+00,8.588452652213233948e+10
2.703060119856133259e+00,9.574188412941224670e+10
2.694064911470588797e+00,7.238684487379420471e+10
2.685099637222766678e+00,7.503989742706135559e+10
2.676164197498231534e+00,7.897851088787339783e+10
2.667258493014044607e+00,7.926926535423690796e+10
2.658382424817658407e+00,1.142586761692845764e+11
2.649535894285819815e+00,1.215595324373563995e+11
2.640718803123470959e+00,1.347554643632871704e+11
2.631931053362660311e+00,1.171879991490129852e+11
2.623172547361453333e+00,1.212927116624935303e+11
2.614443187802846236e+00,1.112451092170472412e+11
2.605742877693685511e+00,8.769065973060000610e+10
2.597071520363590125e+00,8.927739622651409912e+10
2.588429019463877268e+00,8.984209241743312073e+10
2.579815278966493430e+00,9.149554995596476746e+10
2.571230203162944150e+00,8.932725553374639893e+10
2.562673696663233525e+00,7.548032984759558105e+10
2.554145664394804172e+00,1.038588738843322144e+11
2.545646011601476744e+00,8.205596360468075562e+10
2.537174643842403654e+00,9.883450042357070923e+10
2.528731466991014365e+00,1.024814807953135529e+11
2.520316387233973110e+00,1.065804563308860474e+11
2.511929311070133064e+00,1.095508687621263123e+11
2.503570145309500283e+00,1.136515527286448822e+11
2.495238797072197201e+00,1.243964049464061737e+11
2.486935173787431452e+00,1.222196684987362671e+11
2.478659183192465143e+00,1.251856005483721313e+11
2.470410733331591668e+00,1.268434631394935150e+11
2.462189732555113864e+00,1.369566457687958832e+11
2.453996089518324375e+00,1.346897812936291199e+11
2.445829713180493137e+00,1.360011930031409149e+11
2.437690512803852627e+00,1.344869835102689514e+11
2.429578397952592006e+00,1.416383175357184448e+11
2.421493278491850809e+00,1.363499766123574219e+11
2.413435064586719747e+00,1.381505849887438660e+11
2.405403666701240173e+00,1.396102691055576477e+11
2.397398995597408877e+00,1.366522883293334351e+11
2.389420962334189991e+00,1.280602710219770355e+11
2.381469478266522000e+00,1.164341925272208252e+11
2.373544455044337642e+00,1.012532687432059937e+11
2.365645804611577585e+00,1.373299544447158203e+11
2.357773439205216537e+00,1.287625967882946472e+11
2.349927271354283587e+00,1.119216281150901184e+11
2.342107213878894978e+00,1.094392286433347778e+11
2.334313179889281553e+00,1.152010866923165283e+11
2.326545082784824636e+00,1.206131968778111572e+11
2.318802836253094579e+00,1.183176433408952484e+11
2.311086354268891530e+00,1.520611748418660583e+11
2.303395551093288418e+00,1.409998331333768311e+11
2.295730341272677943e+00,1.209158083106398468e+11
2.288090639637827106e+00,1.273857731145139465e+11
2.280476361302925969e+00,1.330530359229012146e+11
2.272887421664647079e+00,1.339828754219707947e+11
2.265323736401203547e+00,1.319297563423847656e+11
2.257785221471416026e+00,1.321491107769615479e+11
2.250271793113774343e+00,1.356644353233094330e+11
2.242783367845509357e+00,1.376654575512050476e+11
2.235319862461663920e+00,1.430441160205519409e+11
2.227881194034170509e+00,1.500077542928411560e+11
2.220467279910928404e+00,1.532226140164643250e+11
2.213078037714885316e+00,1.515741740318494263e+11
2.205713385343122557e+00,1.382926144341414795e+11
2.198373240965940667e+00,1.484467961877429199e+11
2.191057523025954357e+00,1.637308500392125854e+11
2.183766150237181680e+00,1.670041068241855469e+11
2.176499041584146532e+00,1.691874274615442505e+11
2.169256116320971373e+00,1.688533036350095215e+11
2.162037293970485941e+00,1.703721754382797852e+11
2.154842494323329305e+00,1.703730432878227844e+11
2.147671637437062131e+00,1.712337605953916626e+11
2.140524643635274948e+00,1.710632326446859131e+11
2.133401433506705303e+00,1.715990331815492249e+11
2.126301927904353573e+00,1.713753023926421204e+11
2.119226047944605007e+00,1.713034347865471191e+11
2.112173715006352648e+00,1.714758549144377441e+11
2.105144850730125583e+00,1.712748295000050354e+11
2.098139377017213647e+00,1.711692177573682556e+11
2.091157216028803667e+00,1.708291794589232788e+11
2.084198290185113933e+00,1.708531540552471924e+11
2.077262522164531333e+00,1.706496971963007507e+11
2.070349834902752484e+00,1.706635165453460083e+11
2.063460151591927971e+00,1.701739915926146240e+11
2.056593395679808367e+00,1.699234192414989319e+11
2.049749490868893798e+00,1.699193873720567322e+11
2.042928361115586622e+00,1.677088374549698486e+11
2.036129930629344997e+00,1.683624787080739136e+11
2.029354123871843107e+00,1.655595506607739258e+11
2.022600865556129612e+00,1.663227175639208984e+11
2.015870080645793205e+00,1.644581927613034668e+11
2.009161694354127281e+00,1.579923476103080750e+11
2.002475632143298157e+00,1.597003994791319275e+11
1.995811819723519953e+00,1.569479526267259521e+11
1.989170183052227037e+00,1.454639636877779846e+11
1.982550648333251120e+00,1.489973992162745056e+11
1.975953142016002140e+00,1.436096510032277832e+11
1.969377590794651356e+00,1.445049765658468323e+11
1.962823921607314892e+00,1.344337868137017822e+11
1.956292061635243940e+00,1.236427472626563110e+11
1.949781938302015183e+00,1.394502486978287048e+11
1.943293479272723667e+00,1.242644575448147888e+11
1.936826612453180774e+00,1.195292956910069885e+11
1.930381265989110195e+00,1.322869759965579681e+11
1.923957368265352796e+00,1.275502208966612701e+11
1.917554847905068804e+00,1.314705435367712250e+11
1.911173633768945335e+00,1.351330552833315430e+11
1.904813654954406354e+00,1.312350213987017975e+11
1.898474840794824425e+00,1.381955665266065369e+11
1.892157120858735109e+00,1.392228947096454468e+11
1.885860424949055369e+00,1.320704949303768005e+11
1.879584683102302867e+00,1.327865342411522522e+11
1.873329825587819464e+00,1.131589611556061096e+11
1.867095782906994739e+00,1.019383493296098480e+11
1.860882485792495711e+00,1.113528850511194153e+11
1.854689865207495902e+00,1.110304565938060608e+11
1.848517852344908174e+00,1.125630948648111572e+11
1.842366378626622447e+00,1.237264017530686951e+11
1.836235375702739869e+00,1.176647262829765472e+11
1.830124775450817642e+00,1.194062964745647888e+11
1.824034509975108076e+00,1.199715353269114990e+11
1.817964511605806077e+00,1.098973501674847260e+11
1.811914712898299529e+00,1.164715791864775391e+11
1.805885046632415225e+00,1.177422038269031677e+11
1.799875445811674801e+00,1.142820180101185760e+11
1.793885843662551105e+00,1.166290385651094360e+11
1.787916173633723904e+00,1.258007465096708374e+11
1.781966369395342475e+00,1.236455372907062836e+11
1.776036364838286419e+00,1.304464884572473755e+11
1.770126094073433354e+00,1.297110131178764496e+11
1.764235491430926173e+00,1.333052834468256989e+11
1.758364491459442291e+00,1.334493204309834442e+11
1.752513028925467564e+00,1.371683825298688507e+11
1.746681038812570641e+00,1.373939458078797607e+11
1.740868456320682212e+00,1.372167841599759369e+11
1.735075216865372028e+00,1.358603715070789642e+11
1.729301256077134807e+00,1.365106347227326965e+11
1.723546509800671922e+00,1.366968063406158142e+11
1.717810914094180408e+00,1.353294011233493347e+11
1.712094405228642424e+00,1.339979318346090393e+11
1.706396919687116265e+00,1.327444350948911896e+11
1.700718394164031144e+00,1.295280984688169098e+11
1.695058765564483316e+00,1.298905431437857819e+11
1.689417971003536856e+00,1.303024154080892181e+11
1.683795947805521775e+00,1.309344707946008606e+11
1.678192633503340581e+00,1.305755694598761902e+11
1.672607965837771937e+00,1.253050524976745148e+11
1.667041882756781224e+00,1.182933366405540009e+11
1.661494322414828417e+00,1.309552504650439301e+11
1.655965223172183753e+00,1.285165724872016602e+11
1.650454523594239609e+00,1.286158570871706085e+11
1.644962162450831045e+00,1.260549884524767914e+11
1.639488078715553687e+00,1.231227640593124084e+11
1.634032211565086046e+00,1.236975527269178772e+11
1.628594500378513610e+00,1.208989416731750946e+11
1.623174884736654944e+00,1.217831064872047882e+11
1.617773304421391778e+00,1.224179727233764648e+11
1.612389699414997768e+00,1.241160109912315674e+11
1.607024009899473471e+00,1.249771271675682831e+11
1.601676176255881323e+00,1.250470814250075531e+11
1.596346139063682168e+00,1.249741089208781281e+11
1.591033839100075786e+00,1.245105315593334503e+11
1.585739217339343421e+00,1.239976523520929108e+11
1.580462214952190747e+00,1.233938751641419373e+11
1.575202773305095283e+00,1.229353565712377930e+11
1.569960833959653801e+00,1.223861771387066956e+11
1.564736338671934623e+00,1.215960383278922272e+11
1.559529229391828364e+00,1.209015993020537262e+11
1.554339448262404888e+00,1.198825720124436493e+11
1.549166937619268714e+00,1.187832833381736145e+11
1.544011639989919971e+00,1.174773805572128754e+11
1.538873498093115133e+00,1.160241664504183350e+11
1.533752454838229529e+00,1.150888393320415802e+11
1.528648453324624956e+00,1.126738767468177795e+11
1.523561436841015526e+00,1.121666862594590607e+11
1.518491348864839052e+00,1.106334291541096039e+11
1.513438133061628443e+00,1.097737239065088348e+11
1.508401733284385093e+00,1.073552489686453247e+11
1.503382093572956046e+00,1.047631501243748474e+11
1.498379158153412050e+00,1.034116814029162445e+11
1.493392871437427605e+00,1.022008945126213226e+11
1.488423178021662352e+00,1.010267353934044189e+11
1.483470022687147782e+00,9.875946645179185486e+10
1.478533350398671287e+00,9.702120316718638611e+10
1.473613106304166864e+00,9.436231347668933105e+10
1.468709235734102947e+00,8.811595742730055237e+10
1.463821684200877993e+00,9.018689845063092041e+10
1.458950397398212750e+00,9.280231693746382141e+10
1.454095321200548074e+00,8.872178136850308228e+10
1.449256401662443405e+00,8.005454614348689270e+10
1.444433585017975918e+00,8.076747820213371277e+10
1.439626817680145887e+00,7.875426985969438171e+10
1.434836046240278495e+00,7.236386163930676270e+10
1.430061217467432311e+00,6.957499700686427307e+10
1.425302278307807091e+00,7.062575711311532593e+10
1.420559175884153813e+00,7.092047603488148499e+10
1.415831857495188251e+00,6.513355724624397278e+10
1.411120270615004557e+00,6.582427244337060547e+10
1.406424362892491953e+00,6.729940993268486023e+10
1.401744082150753190e+00,6.525375419434156036e+10
1.397079376386524352e+00,6.119118452007609558e+10
1.392430193769597757e+00,6.236819390842142487e+10
1.387796482642244866e+00,6.121365605285208893e+10
1.383178191518643185e+00,6.135786640580271149e+10
1.378575269084305166e+00,6.611771395544078064e+10
1.373987664195505554e+00,6.691034330073525238e+10
1.369415325878715173e+00,6.071924986463183594e+10
1.364858203330033604e+00,6.052300253865830231e+10
1.360316245914625854e+00,5.266099870430278015e+10
1.355789403166157925e+00,4.893250188369921112e+10
1.351277624786237253e+00,5.878920979687767792e+10
1.346780860643854050e+00,5.527123224465422821e+10
1.342299060774823083e+00,6.376768427096404266e+10
1.337832175381229449e+00,6.546772278661861420e+10
1.333380154830875908e+00,7.386706422372993469e+10
1.328942949656729988e+00,7.689960930765447998e+10
1.324520510556374653e+00,7.629127241623941040e+10
1.320112788391461844e+00,7.625866627773487854e+10
1.315719734187164258e+00,7.542134021425437927e+10
1.311341299131632665e+00,7.470420689383714294e+10
1.306977434575454344e+00,7.400028985094200134e+10
1.302628092031109963e+00,7.331727146211064148e+10
1.298293223172437338e+00,7.276584058550941467e+10
1.293972779834093201e+00,7.190510164963410950e+10
1.289666714011018067e+00,7.134994200247241211e+10
1.285374977857903334e+00,7.053306613978321838e+10
1.281097523688659034e+00,6.969637567802874756e+10
1.276834303975884710e+00,6.906581458781707764e+10
1.272585271350340941e+00,6.823019590549238586e+10
1.268350378600422879e+00,6.748968618827198029e+10
1.264129578671636223e+00,6.672280951564192200e+10
1.259922824666073415e+00,6.595843172320505524e+10
1.255730069841893615e+00,6.501342853789970398e+10
1.251551267612802443e+00,6.406854112183879089e+10
1.247386371547535289e+00,6.310259464230052948e+10
1.243235335369340389e+00,6.212810657294096375e+10
1.239098112955465902e+00,6.129201672345539093e+10
1.234974658336645881e+00,6.063296502717861176e+10
1.230864925696590229e+00,6.002103453932937622e+10
1.226768869371476667e+00,5.927489738286301422e+10
1.222686443849441806e+00,5.867999387665442657e+10
1.218617603770076219e+00,5.811380712679203033e+10
1.214562303923919284e+00,5.756995126628974915e+10
1.210520499251959370e+00,5.698085655101475525e+10
1.206492144845131120e+00,5.631533210845539856e+10
1.202477195943816080e+00,5.525413836585940552e+10
1.198475607937347531e+00,5.425239245996992493e+10
1.194487336363513119e+00,5.321780645878376770e+10
1.190512336908060576e+00,5.214488081100041199e+10
1.186550565404206559e+00,5.106668870274780273e+10
1.182601977832145934e+00,4.991068859510089874e+10
1.178666530318561279e+00,4.861264331804687500e+10
1.174744179136136824e+00,4.607658381332832336e+10
1.170834880703071512e+00,4.650258728186552429e+10
1.166938591582595830e+00,4.584868349343341064e+10
1.163055268482487303e+00,4.466873183952462006e+10
1.159184868254591994e+00,4.351345198777998352e+10
1.155327347894343770e+00,4.291401988673660278e+10
1.151482664540285805e+00,4.321107894800132751e+10
1.147650775473596063e+00,4.379724103688897705e+10
1.143831638117610794e+00,4.222621238425991821e+10
1.140025210037352243e+00,4.295687737457046509e+10
1.136231448939058142e+00,3.914324278366189575e+10
1.132450312669710302e+00,3.911274015395876312e+10
1.128681759216566771e+00,4.005551274084805298e+10
1.124925746706694651e+00,3.947460103014063263e+10
1.121182233406506024e+00,3.823669275329850769e+10
1.117451177721293210e+00,3.773924497021430969e+10
1.113732538194766475e+00,3.669223431005036926e+10
1.110026273508594397e+00,3.649688497348368073e+10
1.106332342481943565e+00,3.703526854411464691e+10
1.102650704071022059e+00,3.698301520242333221e+10
1.098981317368622257e+00,3.680271266864299011e+10
1.095324141603668755e+00,3.651062967835557556e+10
1.091679136140761397e+00,3.604839036478191376e+10
1.088046260479727190e+00,3.563495895927460480e+10
1.084425474255168886e+00,3.516034230020686340e+10
1.080816737236017122e+00,3.462418926798805237e+10
1.077220009325081884e+00,3.399484895076930618e+10
1.073635250558609089e+00,3.331552669734263611e+10
1.070062421105834716e+00,3.266273500484550858e+10
1.066501481268544271e+00,3.201321238173394012e+10
1.062952391480629366e+00,3.136564914705217743e+10
1.059415112307648732e+00,3.081504243227938080e+10
1.055889604446391905e+00,3.038377048622851181e+10
1.052375828724440687e+00,2.995362920535194397e+10
1.048873746099733717e+00,2.952324407916670990e+10
1.045383317660133926e+00,2.909743606073775482e+10
1.041904504622995331e+00,2.867526522000307083e+10
1.038437268334732488e+00,2.821600585445750809e+10
1.034981570270390616e+00,2.770565942843533325e+10
1.031537372033217936e+00,2.720236894353372574e+10
1.028104635354238905e+00,2.670398798242136383e+10
1.024683322091828552e+00,2.621858151561181641e+10
1.021273394231289933e+00,2.573915329407420349e+10
1.017874813884430463e+00,2.525757050331148911e+10
1.014487543289141147e+00,2.477942328205945969e+10
1.011111544808977580e+00,2.431717232116953659e+10
1.007746780932741393e+00,2.383110714310655594e+10
1.004393214274063251e+00,2.337169100963272476e+10
1.001050807570988299e+00,2.292807731421940994e+10
9.977195236855609384e-01,2.247251948363377762e+10
9.943993256034125983e-01,2.201815892611378860e+10
9.910901764333512887e-01,2.161891572233518219e+10
9.877920394069510390e-01,2.121298815841355515e+10
9.845048778781424481e-01,2.073139786606531906e+10
9.812286553228073416e-01,2.033862807974600220e+10
9.779633353383720973e-01,1.990819397977215195e+10
9.747088816434024139e-01,1.947551152427898026e+10
9.714652580772014101e-01,1.897201481139752579e+10
9.682324285994071689e-01,1.840686467459540939e+10
9.650103572895921689e-01,1.798543228449188614e+10
9.617990083468647144e-01,1.763038453496492004e+10
9.585983460894706987e-01,1.710932844709957314e+10
9.554083349543978088e-01,1.674600035246001244e+10
9.522289394969787324e-01,1.667419984227371025e+10
9.490601243904995821e-01,1.590978818149274254e+10
9.459018544258057659e-01,1.605094893144333458e+10
9.427540945109114112e-01,1.550538157413060951e+10
9.396168096706087880e-01,1.551760745984689140e+10
9.364899650460810632e-01,1.509727159037887955e+10
9.333735258945135005e-01,1.416677489550935364e+10
9.302674575887081021e-01,1.407046692340799522e+10
9.271717256166990273e-01,1.420678396525575447e+10
9.240862955813690105e-01,1.431103182297653961e+10
9.210111332000666673e-01,1.392215448830833244e+10
9.179462043042261321e-01,1.357445985803085518e+10
9.148914748389873619e-01,1.322296189676493073e+10
9.118469108628177722e-01,1.289384192506524086e+10
9.088124785471344280e-01,1.260168727802379799e+10
9.057881441759294550e-01,1.229873805764016533e+10
9.027738741453940063e-01,1.200144050971183586e+10
8.997696349635456725e-01,1.172354957469693565e+10
8.967753932498567782e-01,1.159353135218603325e+10
8.937911157348822355e-01,1.141316794388784599e+10
8.908167692598909504e-01,1.124996893911383057e+10
8.878523207764970060e-01,1.101739753573602104e+10
8.848977373462922902e-01,1.076082403669456100e+10
8.819529861404810100e-01,1.048007256918900490e+10
8.790180344395144285e-01,1.019063423188079643e+10
8.760928496327272663e-01,9.896724179904529572e+09
8.731773992179761024e-01,9.628417319314020157e+09
8.702716508012775520e-01,9.388172497200515747e+09
8.673755720964478888e-01,9.126530250738342285e+09
8.644891309247458855e-01,8.889626391679782867e+09
8.616122952145138791e-01,8.687145109360187531e+09
8.587450330008217225e-01,8.474028813894335747e+09
8.558873124251117348e-01,8.283587422711622238e+09
8.530391017348450955e-01,8.088864731398159981e+09
8.502003692831484605e-01,7.886680142059570312e+09
8.473710835284625764e-01,7.687953313697707176e+09
8.445512130341913393e-01,7.480468665173426628e+09
8.417407264683538504e-01,7.279758389081806183e+09
8.389395926032345852e-01,7.085943929851875305e+09
8.361477803150374477e-01,6.896317372614368439e+09
8.333652585835398252e-01,6.698719040152785301e+09
8.305919964917477527e-01,6.463319236434917450e+09
8.278279632255522991e-01,6.231626946767406464e+09
8.250731280733872852e-01,6.007062817976566315e+09
8.223274604258884457e-01,5.777928737447112083e+09
8.195909297755527012e-01,5.605055889994407654e+09
8.168635057163995405e-01,5.494451854327552795e+09
8.141451579436327357e-01,5.335873594169613838e+09
8.114358562533044994e-01,5.192245121564511299e+09
8.087355705419790874e-01,5.032506703161597252e+09
8.060442708063985107e-01,4.801030117933858871e+09
8.033619271431493569e-01,4.595946157570453644e+09
8.006885097483301683e-01,4.383192428224094391e+09
7.980239889172208168e-01,4.153021423760469913e+09
7.953683350439522126e-01,3.917176199265681744e+09
7.927215186211770126e-01,3.660731153254123688e+09
7.900835102397422149e-01,3.376155023170694351e+09
7.874542805883619767e-01,3.063888591779860020e+09
7.848338004532926515e-01,2.720356701522194862e+09
7.822220407180071611e-01,2.335051728010260105e+09
7.796189723628724755e-01,1.895649289413167715e+09
7.770245664648263162e-01,1.367596079893076897e+09
7.744387941970564126e-01,7.125011534291732311e+08
7.718616268286802029e-01,1.312131032355606258e+08
7.692930357244250894e-01,3.601344465972159803e+07
7.667329923443106932e-01,2.280060056164838001e+07
7.641814682433312189e-01,1.877297434097764492e+08
7.616384350711403739e-01,6.583492499082435369e+08
7.591038645717356204e-01,1.117735233479002476e+09
7.565777285831442045e-01,1.446876624144441605e+09
7.540599990371104067e-01,1.679905250366519690e+09
7.515506479587839017e-01,1.838807285587984324e+09
7.490496474664085635e-01,1.926331646579611540e+09
7.465569697710128239e-01,1.964156145976288080e+09
7.440725871761010302e-01,1.986865575520734549e+09
7.415964720773452479e-01,1.966944843540829659e+09
7.391285969622790608e-01,1.949313578325066328e+09
7.366689344099919268e-01,1.931354638409450769e+09
7.342174570908239772e-01,1.913024344311773300e+09
7.317741377660624824e-01,1.883935646028636217e+09
7.293389492876396485e-01,1.859520478066119909e+09
7.269118645978305260e-01,1.811525868392040014e+09
7.244928567289526944e-01,1.777392678782846451e+09
7.220818988030658359e-01,1.728428907979170322e+09
7.196789640316746395e-01,1.664164125395951033e+09
7.172840257154295962e-01,1.599740372894616127e+09
7.148970572438309024e-01,1.570862806446149826e+09
7.125180320949330293e-01,1.521913289185898781e+09
7.101469238350497371e-01,1.464291973987830877e+09
7.077837061184605316e-01,1.385233415833876610e+09
7.054283526871178989e-01,1.311521537258365393e+09
7.030808373703554270e-01,1.249845155834256172e+09
7.007411340845972614e-01,1.198147171352307796e+09
6.984092168330678918e-01,1.161462998072458982e+09
6.960850597055034950e-01,1.109953328229231119e+09
6.937686368778646084e-01,1.043733716642783642e+09
6.914599226120481390e-01,9.905187826866557598e+08
6.891588912556020352e-01,9.488477519947170019e+08
6.868655172414404042e-01,9.083851242317427397e+08
6.845797750875586285e-01,8.797181092065739632e+08
6.823016393967514803e-01,8.430957185835871696e+08
6.800310848563296817e-01,7.740641540112534761e+08
6.777680862378394622e-01,7.196261208581591845e+08
6.755126183967816722e-01,6.906708070988647938e+08
6.732646562723332284e-01,6.768750787749876976e+08
6.710241748870675593e-01,6.345746689296990633e+08
6.687911493466779378e-01,5.751675265838111639e+08
6.665655548397007024e-01,5.301647325452869534e+08
6.643473666372391451e-01,5.166484054799291492e+08
6.621365600926892858e-01,4.860307899169507623e+08
6.599331106414657588e-01,4.510074380069275498e+08
6.577369938007288086e-01,4.089701250421530008e+08
6.555481851691123962e-01,3.765547472285660505e+08
6.533666604264530831e-01,3.545539038778770566e+08
6.511923953335198023e-01,3.303628061466944814e+08
6.490253657317442970e-01,2.936459800272668600e+08
6.468655475429531121e-01,2.622803920629251897e+08
6.447129167690996976e-01,2.527652276569334865e+08
6.425674494919979551e-01,2.173621941490990520e+08
6.404291218730562285e-01,1.986643415479604006e+08
6.382979101530127375e-01,1.783804299147636890e+08
6.361737906516716778e-01,1.579306729258875549e+08
6.340567397676395434e-01,1.425618897616429627e+08
6.319467339780633353e-01,1.227665092191472948e+08
6.298437498383692157e-01,1.093274809512217641e+08
6.277477639820020494e-01,9.451832991204568744e+07
6.256587531201650565e-01,8.266354068971158564e+07
6.235766940415621296e-01,6.911008921439500153e+07
6.215015636121393738e-01,5.683480456120418757e+07
6.194333387748277575e-01,5.139163773780319840e+07
6.173719965492875383e-01,4.115695922807336599e+07
6.153175140316525793e-01,3.190569831814565137e+07
6.132698683942759965e-01,2.553954961276086792e+07
6.112290368854763623e-01,2.112411899833955988e+07
6.091949968292851292e-01,1.576675526094430126e+07
6.071677256251943877e-01,1.139416422525441647e+07
6.051472007479058446e-01,8.891303411881629378e+06
6.031333997470809116e-01,6.309908902664127760e+06
6.011263002470906835e-01,4.475883183964144439e+06
5.991258799467675811e-01,3.125051220671015792e+06
5.971321166191577712e-01,1.949666893584671430e+06
5.951449881112738094e-01,1.376759937955006957e+06
5.931644723438485034e-01,9.306824708371307934e+05
5.911905473110902198e-01,4.127944435953483917e+05
5.892231910804378581e-01,5.388131615609526489e+04
5.872623817923164902e-01,4.112076738325919141e+05
5.853080976598962204e-01,7.037863214734810172e+05
5.833603169688483803e-01,8.921573689445432974e+05
5.814190180771050542e-01,1.178790595986182801e+06
5.794841794146188274e-01,1.549370033819910372e+06
5.775557794831225333e-01,1.882566003169984557e+06
5.756337968558908891e-01,2.181013556175081059e+06
5.737182101775019083e-01,2.614538690721165389e+06
5.718089981635999797e-01,3.190881111278799362e+06
5.699061396006596114e-01,3.722280541372547857e+06
5.680096133457489538e-01,4.218710941899184138e+06
5.661193983262954310e-01,4.627561467214025557e+06
5.642354735398519283e-01,5.079879305043187924e+06
5.623578180538624238e-01,5.621842633426686749e+06
5.604864110054302850e-01,6.229387996116963215e+06
5.586212316010861212e-01,6.839551598838421516e+06
5.567622591165567458e-01,7.392527652896195650e+06
5.549094728965348056e-01,8.070133768680561334e+06
5.530628523544499631e-01,8.793421720530426130e+06
5.512223769722387479e-01,9.224436148141765967e+06
5.493880263001181818e-01,9.784170713766299188e+06
5.475597799563574064e-01,1.059643504490813240e+07
5.457376176270517520e-01,1.117191519106199779e+07
5.439215190658968080e-01,1.165815587580735609e+07
5.421114640939636020e-01,1.206449272293190472e+07
5.403074325994746685e-01,1.268098566890382022e+07
5.385094045375796723e-01,1.346425338067116588e+07
5.367173599301334752e-01,1.369730768407958001e+07
5.349312788654740913e-01,1.404250518325916305e+07
5.331511414982013086e-01,1.480002352848213352e+07
5.313769280489559765e-01,1.527828825676677190e+07
5.296086188042008480e-01,1.555108785735505819e+07
5.278461941160005333e-01,1.557098129545457289e+07
5.260896344018042292e-01,1.584041182488531433e+07
5.243389201442274494e-01,1.637877673972748779e+07
5.225940318908357529e-01,1.675592768965021893e+07
5.208549502539276954e-01,1.677500649403811991e+07
5.191216559103206674e-01,1.634970488479276933e+07
5.173941296011348445e-01,1.654934206687819958e+07
5.156723521315803582e-01,1.736036232303591818e+07
5.139563043707432444e-01,1.925093552462959662e+07
5.122459672513730577e-01,2.183390924230359867e+07
5.105413217696712636e-01,2.477663276611466333e+07
5.088423489850800729e-01,2.648473144031222910e+07
5.071490300200715007e-01,2.745621522161825746e+07
5.054613460599380881e-01,2.783382839589989185e+07
5.037792783525839591e-01,2.754689497050947696e+07
5.021028082083158761e-01,2.685180626513564587e+07
5.004319169996358507e-01,2.605398327134633064e+07
4.987665861610346418e-01,2.504086673545887321e+07
4.971067971887850323e-01,2.395754955742893741e+07
4.954525316407358271e-01,2.282172968043600023e+07
4.938037711361077386e-01,2.173349268572802842e+07
4.921604973552888285e-01,2.069369744439901412e+07
4.905226920396305590e-01,1.970057916810406744e+07
4.888903369912458441e-01,1.875173787761142850e+07
4.872634140728057672e-01,1.784510859748174995e+07
4.856419052073388531e-01,1.697866687066754699e+07
4.840257923780298954e-01,1.602801747752919048e+07
4.824150576280198388e-01,1.504348509094973281e+07
4.808096830602061056e-01,1.411513885702391341e+07
4.792096508370440322e-01,1.324062155284219049e+07
4.776149431803483614e-01,1.241685928086295351e+07
4.760255423710959000e-01,1.164060839997173846e+07
4.744414307492287319e-01,1.091001863059196621e+07
4.728625907134575979e-01,1.022253102414667979e+07
4.712890047210667732e-01,9.575451057000689209e+06
4.697206552877187247e-01,8.966755749393587932e+06
4.681575249872604316e-01,8.394177033475423232e+06
4.665995964515291528e-01,7.854690723098966293e+06
4.650468523701596357e-01,7.363386783218384720e+06
4.634992754903920487e-01,6.989452583662699908e+06
4.619568486168799670e-01,6.650427434254400432e+06
4.604195546114993043e-01,6.326852571546555497e+06
4.588873763931582417e-01,6.018096318530017510e+06
4.573602969376069916e-01,5.723533074023698457e+06
4.558382992772489484e-01,5.442549171401893720e+06
4.543213665009519509e-01,5.174501648102028295e+06
4.528094817538605987e-01,4.919045539622288197e+06
4.513026282372087916e-01,4.675392767636548728e+06
4.498007892081333225e-01,4.442736039301093668e+06
4.483039479794872495e-01,4.221793872154745273e+06
4.468120879196552653e-01,4.010892409609083552e+06
4.453251924523686234e-01,3.809032757458715234e+06
4.438432450565205634e-01,3.600317510023792274e+06
4.423662292659830686e-01,3.396238951513395179e+06
4.408941286694239570e-01,3.203110520971141290e+06
4.394269269101247488e-01,3.020011680927689653e+06
4.379646076857982018e-01,2.847125718149413355e+06
4.365071547484078995e-01,2.683346975366603117e+06
4.350545519039872300e-01,2.528369532205116935e+06
4.336067830124598066e-01,2.381798562275423668e+06
4.321638319874600009e-01,2.243143227108186577e+06
4.307256827961540302e-01,2.112184807924929075e+06
4.292923194590620439e-01,1.988315081677756272e+06
4.278637260498804329e-01,1.871219739679575898e+06
4.264398866953051370e-01,1.760516946671079146e+06
4.250207855748548980e-01,1.650759770529284142e+06
4.236064069206956217e-01,1.544854066969450098e+06
4.221967350174653522e-01,1.445298405128776096e+06
4.207917542020994106e-01,1.351709700657276437e+06
4.193914488636565352e-01,1.263733313112816541e+06
4.179958034431451863e-01,1.181009696601423202e+06
4.166048024333510180e-01,1.103195475308981026e+06
4.152184303786644048e-01,1.029931550260280259e+06
4.138366718749084683e-01,9.608143832401995314e+05
4.124595115691683245e-01,8.953435541310352273e+05
4.110869341596202764e-01,8.327614496393026784e+05
4.097189243953620053e-01,7.715810278657313902e+05
4.083554670762426508e-01,7.077416963555513648e+05
4.069965470526944462e-01,6.235721453717533732e+05
4.056421492255639638e-01,3.674426244761815760e+05
4.042922585459448048e-01,1.123760846463677444e+05
4.029468600150099555e-01,4.546320655964438338e+05
4.016059386838451983e-01,4.881195333230475080e+05
4.002694796532832999e-01,4.685210289812803385e+05
3.989374680737383105e-01,4.410943768572408007e+05
3.976098891450403627e-01,4.127325223499636631e+05
3.962867281162715249e-01,3.851623902810929576e+05
3.949679702856017660e-01,3.589140488738790154e+05
3.936536010001255859e-01,3.341477095378275844e+05
3.923436056556991458e-01,3.108845522600649856e+05
3.910379696967783425e-01,2.890893196434563142e+05
3.897366786162566044e-01,2.687020536064387998e+05
3.884397179553040758e-01,2.495035414844485640e+05
3.871470733032065792e-01,2.309172485911459080e+05
3.858587302972058541e-01,2.128658763190842001e+05
3.845746746223399626e-01,1.958173091765897698e+05
3.832948920112839164e-01,1.800747959185367508e+05
3.820193682441914151e-01,1.655440369483637915e+05
3.807480891485368613e-01,1.521367494622316153e+05
3.794810405989577640e-01,1.397703360775903566e+05
3.782182085170976982e-01,1.283679028488993063e+05
3.769595788714501516e-01,1.178576015608613525e+05
3.757051376772024276e-01,1.081721072643180814e+05
3.744548709960802690e-01,9.925050507592648501e+04
3.732087649361932047e-01,9.103513940897533030e+04
3.719668056518797283e-01,8.347211871862043336e+04
3.707289793435540326e-01,7.651178027462621685e+04
3.694952722575521875e-01,7.010803740240423940e+04
3.682656706859796514e-01,6.421818538466048631e+04
3.670401609665587261e-01,5.880262897008906293e+04
3.658187294824769564e-01,5.382461840981498972e+04
3.646013626622358061e-01,4.925020823942953575e+04
3.633880469794996126e-01,4.504786639388884214e+04
3.621787689529454846e-01,4.125451033441183245e+04
3.609735151461137548e-01,3.855141201174930029e+04
3.597722721672581558e-01,3.624686660094263061e+04
3.585750266691974386e-01,3.407544088581880351e+04
3.573817653491667690e-01,3.202890310264912478e+04
3.561924749486703456e-01,3.009954144329221162e+04
3.550071422533337406e-01,2.827989994716057481e+04
3.538257540927569056e-01,2.656266864050029835e+04
3.526482973403683441e-01,2.494043124854900452e+04
3.514747589132790062e-01,2.340526854505214214e+04
3.503051257721366829e-01,2.194770158294283829e+04
3.491393849209814548e-01,2.055355616974762961e+04
3.479775234071012524e-01,1.919152804099559580e+04
3.468195283208879709e-01,1.773683237596007893e+04
3.456653867956936410e-01,1.452412269005754570e+04
3.445150860076880428e-01,6.557316988848772780e+03
3.433686131757157090e-01,1.400367905676020018e+04
3.422259555611542603e-01,1.356429354826796953e+04
3.410871004677726859e-01,1.267052012047138123e+04
3.399520352415904001e-01,1.170914929280478464e+04
3.388207472707365220e-01,1.070956365330834888e+04
3.376932239853098205e-01,9.650167184884347080e+03
3.365694528572389377e-01,8.402386317464155582e+03
3.354494214001432772e-01,6.886954465591644293e+03
3.343331171691943937e-01,5.157052465774002485e+03
3.332205277609774918e-01,3.133589711591410378e+03
3.321116408133535924e-01,1.098419241390037996e+03
3.310064440053224755e-01,7.722773308002692261e+01
3.299049250568854563e-01,2.337784029086477844e+01
3.288070717289091616e-01,5.813531947317172808e+02
3.277128718229893045e-01,1.734164065163878604e+03
3.266223131813154601e-01,2.580897649807855032e+03
3.255353836865357287e-01,2.966892656947837622e+03
3.244520712616221214e-01,3.058569823904996611e+03
3.233723638697365010e-01,2.976322899982824310e+03
3.222962495140967998e-01,2.110874132090920284e+03
3.212237162378435706e-01,2.220702020700613502e+03
3.201547521239073157e-01,2.491618509388496932e+03
3.190893452948760922e-01,2.322089815497321979e+03
3.180274839128631736e-01,2.142780074168301326e+03
3.169691561793760992e-01,1.968676372851701217e+03
3.159143503351852234e-01,1.803575778215650416e+03
3.148630546601929314e-01,1.648780264967392441e+03
3.138152574733037437e-01,1.504517113869376772e+03
3.127709471322944190e-01,1.370117000927487425e+03
3.117301120336845033e-01,1.243853697141438943e+03
3.106927406126073765e-01,9.044571631439637258e+02
3.096588213426818559e-01,9.584853618172558072e+02
3.086283427358842424e-01,9.544114010560965653e+02
3.076012933424203677e-01,8.753181131747217023e+02
3.065776617505987511e-01,8.000639324536568893e+02
3.055574365867032016e-01,7.301938307900495602e+02
3.045406065148672514e-01,6.636999214894667602e+02
3.035271602369475907e-01,5.515889973492586478e+02
3.025170864923986680e-01,5.516099483467129403e+02
3.015103740581477343e-01,5.035614423307122252e+02
3.005070117484700543e-01,4.565186142287230382e+02
