wavelength_um, flux_erg/cm2/s/hz
9.995743794674951666e-01,3.195863189616393448e-09
1.001003363569664684e+00,3.225822485291524647e-09
1.002434390536883768e+00,3.265462365028564719e-09
1.003867463289616957e+00,3.301843927475710064e-09
1.005302584752504558e+00,3.345229438462469790e-09
1.006739757854366424e+00,3.384775690964250645e-09
1.008178985528211502e+00,3.428339318200620823e-09
1.009620270711239609e+00,3.469999422946883161e-09
1.011063616344851201e+00,3.509405700683444391e-09
1.012509025374650928e+00,3.552951640982136858e-09
1.013956500750454737e+00,3.595667449915820999e-09
1.015406045426295201e+00,3.640322328776665569e-09
1.016857662360428627e+00,3.683996913025222615e-09
1.018311354515339939e+00,3.727888633770006268e-09
1.019767124857749563e+00,3.771672184066651354e-09
1.021224976358618530e+00,3.818274879434061340e-09
1.022684911993155588e+00,3.864029431909819091e-09
1.024146934740822967e+00,3.911434594123569780e-09
1.025611047585341717e+00,3.958320061245697498e-09
1.027077253514699029e+00,4.004983495554301086e-09
1.028545555521153343e+00,4.054650649355103580e-09
1.030015956601240568e+00,4.103013538256801988e-09
1.031488459755781406e+00,4.150587113398632830e-09
1.032963067989885575e+00,4.200247462937090575e-09
1.034439784312958910e+00,4.250970611727599674e-09
1.035918611738710471e+00,4.300957341531350931e-09
1.037399553285156095e+00,4.352177018189665309e-09
1.038882611974627501e+00,4.403360399989476303e-09
1.040367790833776507e+00,4.452673122063653431e-09
1.041855092893581913e+00,4.497465092138423211e-09
1.043344521189355500e+00,4.541808611603910927e-09
1.044836078760748466e+00,4.587711712553973120e-09
1.046329768651757419e+00,4.633760085913516967e-09
1.047825593910730824e+00,4.679853993679092069e-09
1.049323557590374545e+00,4.725598576913416262e-09
1.050823662747758958e+00,4.773615590369737640e-09
1.052325912444324718e+00,4.820414222553903272e-09
1.053830309745889204e+00,4.868571158821146930e-09
1.055336857722652510e+00,4.915230526960451920e-09
1.056845559449203886e+00,4.964357568948943098e-09
1.058356418004528177e+00,5.012075247104102363e-09
1.059869436472011373e+00,5.062372521984935086e-09
1.061384617939448383e+00,5.118259260783118848e-09
1.062901965499047474e+00,5.178794969913371105e-09
1.064421482247437822e+00,5.245571206542845702e-09
1.065943171285675950e+00,5.313947235808869755e-09
1.067467035719250834e+00,5.381250628888310116e-09
1.068993078658091900e+00,5.447627908818885896e-09
1.070521303216573905e+00,5.516958469666634995e-09
1.072051712513524269e+00,5.587039889184817951e-09
1.073584309672228176e+00,5.659047189628317051e-09
1.075119097820437464e+00,5.719136291811303420e-09
1.076656080090373724e+00,5.801631665568241055e-09
1.078195259618737634e+00,5.867644104473398418e-09
1.079736639546712951e+00,5.941548815777592186e-09
1.081280223019974951e+00,6.011244695281032487e-09
1.082826013188695757e+00,6.076298713792543739e-09
1.084374013207550114e+00,6.138379499576433378e-09
1.085924226235723822e+00,6.192940983683707556e-09
1.087476655436918627e+00,6.259779048657804511e-09
1.089031303979358878e+00,6.320233805855384673e-09
1.090588175035798635e+00,6.385405960339603934e-09
1.092147271783526774e+00,6.415758940481047313e-09
1.093708597404375649e+00,6.477004346604431453e-09
1.095272155084725085e+00,6.517779483616435671e-09
1.096837948015511044e+00,6.591230631215055849e-09
1.098405979392230947e+00,6.639359744120009401e-09
1.099976252414950562e+00,6.638216987028013976e-09
1.101548770288309997e+00,6.546519574353232567e-09
1.103123536221531253e+00,6.827026976077341966e-09
1.104700553428424215e+00,6.805089411643039374e-09
1.106279825127392868e+00,6.633550014075296732e-09
1.107861354541442189e+00,6.680403641668439727e-09
1.109445144898185021e+00,6.891151566450559197e-09
1.111031199429848071e+00,6.400219067205730376e-09
1.112619521373279019e+00,6.924871630457380334e-09
1.114210113969952953e+00,6.808634883834515375e-09
1.115802980465978589e+00,6.546773136569356560e-09
1.117398124112106039e+00,7.033558637354194567e-09
1.118995548163731701e+00,6.988138875470828182e-09
1.120595255880906471e+00,7.250532458092569052e-09
1.122197250528341739e+00,7.165613798591931392e-09
1.123801535375415828e+00,7.467849809827954079e-09
1.125408113696181545e+00,7.466554201824492552e-09
1.127016988769371286e+00,7.807488388799039997e-09
1.128628163878405477e+00,7.721212967455220878e-09
1.130241642311398564e+00,7.570825764604089086e-09
1.131857427361164570e+00,7.478244491235706465e-09
1.133475522325226414e+00,7.149503740362436925e-09
1.135095930505820139e+00,6.966197296195746900e-09
1.136718655209902895e+00,7.721625822441361469e-09
1.138343699749159388e+00,8.522018598807385337e-09
1.139971067440008978e+00,8.481293838796679193e-09
1.141600761603611680e+00,8.681082666933471561e-09
1.143232785565875709e+00,8.307894150921420493e-09
1.144867142657463921e+00,8.279081195718568037e-09
1.146503836213800476e+00,8.879787904585549503e-09
1.148142869575078384e+00,8.736916372562262483e-09
1.149784246086265060e+00,8.968061074481770186e-09
1.151427969097110537e+00,9.061964521000764750e-09
1.153074041962153018e+00,8.581503263352802734e-09
1.154722468040726646e+00,9.070540215052524537e-09
1.156373250696967947e+00,8.831476426593687410e-09
1.158026393299822931e+00,9.419756490108090613e-09
1.159681899223053758e+00,8.786009716360557024e-09
1.161339771845245394e+00,9.527323378035238318e-09
1.163000014549813388e+00,9.435477549274513609e-09
1.164662630725009862e+00,9.420865551429023770e-09
1.166327623763930621e+00,9.650399999542131222e-09
1.167994997064522256e+00,9.815990078020482843e-09
1.169664754029589471e+00,9.742488882695653718e-09
1.171336898066801302e+00,1.009777726698950210e-08
1.173011432588698222e+00,1.022495621852960822e-08
1.174688361012699467e+00,1.021952928495846539e-08
1.176367686761109255e+00,1.042112415675965893e-08
1.178049413261125444e+00,1.064199866322179123e-08
1.179733543944844198e+00,1.085720818133584017e-08
1.181420082249268866e+00,1.108400171904824805e-08
1.183109031616315754e+00,1.113008197773306792e-08
1.184800395492822345e+00,1.125587560650799573e-08
1.186494177330553512e+00,1.148255324528805499e-08
1.188190380586208406e+00,1.165710468103880522e-08
1.189889008721427999e+00,1.179470115594663014e-08
1.191590065202802640e+00,1.189174316864660470e-08
1.193293553501877380e+00,1.209528645356371371e-08
1.194999477095161300e+00,1.217128059280478470e-08
1.196707839464132395e+00,1.236725492774504993e-08
1.198418644095246233e+00,1.246555698292281158e-08
1.200131894479943062e+00,1.265702141331694015e-08
1.201847594114653583e+00,1.270999210091573869e-08
1.203565746500807609e+00,1.292393434287157441e-08
1.205286355144840282e+00,1.311221539554022700e-08
1.207009423558199623e+00,1.321270625309996896e-08
1.208734955257353638e+00,1.329432463114687124e-08
1.210462953763797422e+00,1.346458987490940851e-08
1.212193422604060267e+00,1.353083512190526719e-08
1.213926365309713429e+00,1.364424816416447055e-08
1.215661785417375906e+00,1.375196321738533255e-08
1.217399686468723097e+00,1.387236501087027883e-08
1.219140072010493903e+00,1.393846903916936551e-08
1.220882945594497837e+00,1.408330106504167589e-08
1.222628310777620797e+00,1.418013829764371448e-08
1.224376171121834833e+00,1.423513986804369486e-08
1.226126530194203479e+00,1.442452129407740475e-08
1.227879391566889966e+00,1.453936294215561737e-08
1.229634758817164553e+00,1.463449965924710352e-08
1.231392635527410739e+00,1.478983569368991489e-08
1.233153025285134152e+00,1.491109155697587438e-08
1.234915931682968537e+00,1.502903364850410681e-08
1.236681358318684198e+00,1.513629353112471196e-08
1.238449308795194215e+00,1.528827794173395046e-08
1.240219786720562656e+00,1.537887074680481894e-08
1.241992795708011688e+00,1.554973752306991605e-08
1.243768339375928900e+00,1.569276390547450577e-08
1.245546421347874411e+00,1.587996161692370663e-08
1.247327045252589306e+00,1.604003077035508423e-08
1.249110214724001189e+00,1.620271274009499175e-08
1.250895933401233506e+00,1.637532962663619369e-08
1.252684204928612210e+00,1.654338082541814544e-08
1.254475032955672642e+00,1.669068486411239608e-08
1.256268421137167524e+00,1.687980347439295142e-08
1.258064373133074954e+00,1.706129049262419393e-08
1.259862892608604845e+00,1.721913386651683875e-08
1.261663983234206921e+00,1.737939595436589497e-08
1.263467648685578482e+00,1.752103590838669991e-08
1.265273892643670628e+00,1.769394993318263323e-08
1.267082718794698248e+00,1.783500078046819198e-08
1.268894130830144684e+00,1.800752104146212482e-08
1.270708132446771277e+00,1.816394100464989402e-08
1.272524727346623807e+00,1.831213850158707002e-08
1.274343919237040712e+00,1.846488949314847929e-08
1.276165711830660632e+00,1.866613118154505326e-08
1.277990108845429518e+00,1.881322328904955921e-08
1.279817114004607959e+00,1.883058293268257045e-08
1.281646731036780729e+00,1.913977727847978279e-08
1.283478963675861229e+00,1.930783678219305217e-08
1.285313815661102144e+00,1.942964989618419451e-08
1.287151290737100995e+00,1.959579043912314978e-08
1.288991392653809021e+00,1.973419524903144439e-08
1.290834125166537838e+00,1.999349980233804215e-08
1.292679492035968103e+00,1.988899328828961711e-08
1.294527497028157059e+00,2.034208899734598739e-08
1.296378143914544978e+00,2.023592349289977324e-08
1.298231436471963818e+00,2.070621152237653244e-08
1.300087378482645883e+00,2.075844777050672319e-08
1.301945973734229600e+00,2.087950318439284833e-08
1.303807226019768173e+00,2.086418436825080297e-08
1.305671139137738024e+00,2.132434308535048056e-08
1.307537716892045232e+00,2.109258658020004197e-08
1.309406963092033749e+00,2.144346994826583794e-08
1.311278881552494280e+00,2.181493790293034243e-08
1.313153476093670058e+00,2.168467543393167107e-08
1.315030750541266613e+00,2.187850195124024430e-08
1.316910708726457990e+00,2.231845017680288404e-08
1.318793354485895630e+00,2.230473013826198886e-08
1.320678691661715476e+00,2.265258515387773704e-08
1.322566724101546409e+00,2.278454666915290762e-08
1.324457455658518024e+00,2.228649758648045251e-08
1.326350890191267951e+00,2.274758427886264794e-08
1.328247031563950298e+00,2.340724628068076982e-08
1.330145883646243421e+00,2.309280056919485400e-08
1.332047450313357473e+00,2.155389623979683616e-08
1.333951735446043063e+00,2.273746369809223129e-08
1.335858742930597920e+00,2.122307193305491047e-08
1.337768476658876216e+00,1.860679910041690194e-08
1.339680940528295672e+00,1.730118404296566316e-08
1.341596138441845776e+00,1.952270132766054374e-08
1.343514074308095996e+00,1.891660405055531969e-08
1.345434752041202664e+00,1.746921629601700980e-08
1.347358175560918525e+00,1.467002880732271655e-08
1.349284348792599619e+00,1.798528829979422674e-08
1.351213275667213942e+00,1.444632809421787631e-08
1.353144960121348772e+00,1.680201398420650987e-08
1.355079406097219330e+00,1.219650181156369873e-08
1.357016617542676329e+00,1.500193311221028875e-08
1.358956598411215078e+00,1.467294372737158714e-08
1.360899352661981698e+00,1.594851885552744160e-08
1.362844884259783118e+00,1.818390398475142014e-08
1.364793197175093953e+00,1.482370438540833977e-08
1.366744295384064944e+00,1.893542159656076090e-08
1.368698182868531177e+00,1.742874329875181356e-08
1.370654863616020069e+00,1.821288767331827155e-08
1.372614341619760037e+00,2.049162248871023159e-08
1.374576620878687816e+00,1.952297688376239802e-08
1.376541705397456461e+00,2.112917134684488598e-08
1.378509599186445111e+00,2.006511479918053355e-08
1.380480306261765211e+00,2.022385630804025362e-08
1.382453830645270498e+00,1.710547516931286246e-08
1.384430176364563225e+00,1.965462961014904027e-08
1.386409347453004592e+00,1.949861643234777292e-08
1.388391347949720966e+00,1.902308728006299249e-08
1.390376181899613428e+00,1.972358114191149689e-08
1.392363853353365766e+00,1.844083508928382706e-08
1.394354366367452247e+00,1.972341201778275491e-08
1.396347725004146278e+00,1.719786070090943195e-08
1.398343933331529065e+00,2.179791278366199147e-08
1.400342995423497161e+00,1.808827752494230824e-08
1.402344915359770905e+00,2.250085188925019391e-08
1.404349697225903526e+00,1.974966660420856039e-08
1.406357345113288915e+00,2.280108065450926945e-08
1.408367863119169172e+00,2.186841561851727956e-08
1.410381255346644824e+00,2.146915988269638237e-08
1.412397525904681705e+00,2.153021053319962262e-08
1.414416678908119618e+00,1.864208862945002290e-08
1.416438718477680991e+00,2.411658418415770121e-08
1.418463648739979543e+00,2.014629349476248737e-08
1.420491473827527606e+00,2.459321703494679297e-08
1.422522197878746564e+00,2.217575073632275913e-08
1.424555825037972845e+00,2.316968179326147190e-08
1.426592359455468362e+00,2.440500721193058956e-08
1.428631805287427836e+00,2.050285208153077004e-08
1.430674166695987681e+00,2.787944154189098169e-08
1.432719447849234440e+00,2.248733944486596255e-08
1.434767652921213443e+00,2.191686490084089387e-08
1.436818786091937250e+00,2.738324007081721675e-08
1.438872851547393861e+00,2.588715021120456873e-08
1.440929853479556044e+00,2.738464223317471884e-08
1.442989796086389109e+00,2.988442275515448968e-08
1.445052683571859564e+00,2.493693807296185005e-08
1.447118520145943776e+00,3.005077769656639892e-08
1.449187310024637076e+00,3.116758087729346732e-08
1.451259057429961974e+00,2.635001857072561524e-08
1.453333766589976150e+00,3.290133131830219757e-08
1.455411441738782674e+00,3.051327204165754755e-08
1.457492087116536661e+00,3.202786811126218312e-08
1.459575706969455489e+00,3.593203028650510597e-08
1.461662305549826346e+00,3.234333235089489335e-08
1.463751887116016448e+00,3.318388356670424377e-08
1.465844455932479695e+00,3.345992391412493985e-08
1.467940016269767112e+00,3.130954787370648292e-08
1.470038572404534616e+00,3.189465868935432196e-08
1.472140128619551902e+00,3.670463016932582813e-08
1.474244689203711545e+00,3.447145222633117059e-08
1.476352258452036992e+00,3.512871639493487403e-08
1.478462840665693001e+00,3.749029449434533025e-08
1.480576440151991413e+00,3.722385976673913504e-08
1.482693061224403142e+00,3.507826962433995968e-08
1.484812708202565279e+00,3.927395233648788428e-08
1.486935385412290200e+00,3.989163030619593723e-08
1.489061097185574667e+00,3.760790805583816430e-08
1.491189847860607820e+00,3.937838011634638000e-08
1.493321641781780951e+00,4.055837578694180487e-08
1.495456483299696604e+00,4.055329777736957412e-08
1.497594376771175906e+00,4.000283683092873824e-08
1.499735326559269222e+00,4.193541860219336773e-08
1.501879337033264150e+00,4.165129984238202787e-08
1.504026412568693960e+00,4.156214089881939368e-08
1.506176557547348249e+00,4.367723318406500359e-08
1.508329776357280494e+00,4.367177892970615971e-08
1.510486073392816264e+00,4.458912657645446311e-08
1.512645453054564548e+00,4.533251926942294471e-08
1.514807919749424636e+00,4.563111723056771615e-08
1.516973477890596111e+00,4.599802052252623997e-08
1.519142131897587955e+00,4.607499577605662451e-08
1.521313886196226317e+00,4.663386010139063880e-08
1.523488745218665841e+00,4.776556330345245381e-08
1.525666713403396102e+00,4.811094636132006437e-08
1.527847795195252267e+00,4.709148009249588742e-08
1.530031995045424420e+00,4.865754474453995380e-08
1.532219317411465109e+00,4.894126564240027890e-08
1.534409766757300009e+00,4.997820934545729512e-08
1.536603347553236132e+00,5.008257490115784542e-08
1.538800064275971380e+00,5.037386032009204347e-08
1.540999921408603424e+00,5.133238019046676803e-08
1.543202923440638585e+00,5.121475686923000877e-08
1.545409074868002053e+00,5.222796220242271349e-08
1.547618380193045873e+00,5.271669292176290805e-08
1.549830843924558721e+00,5.280492680844509568e-08
1.552046470577774784e+00,5.336148162724368168e-08
1.554265264674383307e+00,5.395214362285737442e-08
1.556487230742538586e+00,5.404787040335730146e-08
1.558712373316866628e+00,5.472538136300450708e-08
1.560940696938477812e+00,5.520216091868860433e-08
1.563172206154973320e+00,5.530774382780358756e-08
1.565406905520455805e+00,5.567277481983759697e-08
1.567644799595538707e+00,5.624368269757096793e-08
1.569885892947355366e+00,5.662767119359693085e-08
1.572130190149567674e+00,5.672241757996512050e-08
1.574377695782376296e+00,5.722289610360057551e-08
1.576628414432529990e+00,5.752311535323673907e-08
1.578882350693334491e+00,5.779181446260260306e-08
1.581139509164661616e+00,5.814803082013638407e-08
1.583399894452960144e+00,5.859720579836459904e-08
1.585663511171263362e+00,5.886731275213692177e-08
1.587930363939199507e+00,5.932456723527847675e-08
1.590200457383001309e+00,5.949512722156090460e-08
1.592473796135514874e+00,5.996950023653213710e-08
1.594750384836209012e+00,6.032741843853631568e-08
1.597030228131185670e+00,6.064856064618954525e-08
1.599313330673188815e+00,6.109948884405069654e-08
1.601599697121613985e+00,6.141452238490960941e-08
1.603889332142516944e+00,6.176959627458012295e-08
1.606182240408625006e+00,6.216564895751221811e-08
1.608478426599345257e+00,6.260715837481052087e-08
1.610777895400774096e+00,6.295325037884731923e-08
1.613080651505707230e+00,6.335234938282602250e-08
1.615386699613649890e+00,6.374845991422000451e-08
1.617696044430824598e+00,6.410903061161735634e-08
1.620008690670182716e+00,6.441149139368685963e-08
1.622324643051412441e+00,6.491961343960837978e-08
1.624643906300950125e+00,6.528617732734538504e-08
1.626966485151988051e+00,6.575488302259927043e-08
1.629292384344485534e+00,6.615431930826438352e-08
1.631621608625178244e+00,6.658432122347267165e-08
1.633954162747587535e+00,6.700104440342640691e-08
1.636290051472030438e+00,6.756443250456758804e-08
1.638629279565628760e+00,6.803280733774762385e-08
1.640971851802320192e+00,6.846816132127475599e-08
1.643317772962866963e+00,6.880900537530934958e-08
1.645667047834865393e+00,6.918510378703926809e-08
1.648019681212756993e+00,6.964639787105155701e-08
1.650375677897836013e+00,6.998708875725677706e-08
1.652735042698262102e+00,7.064713625438494581e-08
1.655097780429067411e+00,7.087341040319136923e-08
1.657463895912168361e+00,7.138160292765823732e-08
1.659833393976374527e+00,7.182802074774430712e-08
1.662206279457398850e+00,7.213949508317562177e-08
1.664582557197866741e+00,7.268849920200426104e-08
1.666962232047327852e+00,7.323739297963111299e-08
1.669345308862263400e+00,7.354214064434774620e-08
1.671731792506097936e+00,7.405867344863845832e-08
1.674121687849209117e+00,7.439108525697105379e-08
1.676514999768936587e+00,7.498952251463818531e-08
1.678911733149592855e+00,7.522025526447122111e-08
1.681311892882472847e+00,7.591140022215070148e-08
1.683715483865864559e+00,7.564355840131295775e-08
1.686122511005058167e+00,7.640388432066048515e-08
1.688532979212356455e+00,7.684446355422785357e-08
1.690946893407084595e+00,7.700725378245981457e-08
1.693364258515600795e+00,7.754189619265966917e-08
1.695785079471305856e+00,7.795641310391057679e-08
1.698209361214653157e+00,7.846669447882138443e-08
1.700637108693158872e+00,7.802787254255818081e-08
1.703068326861412407e+00,7.923942915137554115e-08
1.705503020681085946e+00,7.958615903214252119e-08
1.707941195120944666e+00,7.999579536059524784e-08
1.710382855156857618e+00,8.060122387142349575e-08
1.712828005771806605e+00,8.078512862111934022e-08
1.715276651955897957e+00,8.107545561434297701e-08
1.717728798706371185e+00,8.154473833625243533e-08
1.720184451027610084e+00,8.205025718949362115e-08
1.722643613931152284e+00,8.207793894390604303e-08
1.725106292435700128e+00,8.273885887757983888e-08
1.727572491567130886e+00,8.343624742227127180e-08
1.730042216358506302e+00,8.412733628621645372e-08
1.732515471850084143e+00,8.291162378930631897e-08
1.734992263089326414e+00,8.448863057655457908e-08
1.737472595130912456e+00,8.392763744110188573e-08
1.739956473036746498e+00,8.449217802859582929e-08
1.742443901875970091e+00,8.388160294759432184e-08
1.744934886724970990e+00,8.434353001968196839e-08
1.747429432667394256e+00,8.309973622086286645e-08
1.749927544794152467e+00,8.586961423066588164e-08
1.752429228203436828e+00,8.690530854774396867e-08
1.754934488000725601e+00,8.093648268393806919e-08
1.757443329298796986e+00,7.758295827543696325e-08
1.759955757217737338e+00,8.643553563076128335e-08
1.762471776884953600e+00,8.090222926011688530e-08
1.764991393435182410e+00,8.777344856556972066e-08
1.767514612010500974e+00,7.659910873785281363e-08
1.770041437760337288e+00,8.357872119882230058e-08
1.772571875841481681e+00,8.234164485976029500e-08
1.775105931418095917e+00,7.774594225387673987e-08
1.777643609661724522e+00,8.110839587321198703e-08
1.780184915751305441e+00,7.722788823250032580e-08
1.782729854873180475e+00,7.865956293751740424e-08
1.785278432221105049e+00,7.000703903092125074e-08
1.787830652996260650e+00,7.936671069337680851e-08
1.790386522407263259e+00,7.676005136945060562e-08
1.792946045670175792e+00,7.495249297999069627e-08
1.795509228008517866e+00,7.512143257464626942e-08
1.798076074653276457e+00,7.741825148527601095e-08
1.800646590842916783e+00,6.708739792514508947e-08
1.803220781823392960e+00,7.241691231899075931e-08
1.805798652848158437e+00,6.549489677065202762e-08
1.808380209178177322e+00,7.583812762625827433e-08
1.810965456081934821e+00,6.298046852303433732e-08
1.813554398835447223e+00,8.149996294891231290e-08
1.816147042722274341e+00,6.364374232428252836e-08
1.818743393033528610e+00,7.493056131914960693e-08
1.821343455067887085e+00,5.787277568831253462e-08
1.823947234131601203e+00,9.179573467467690783e-08
1.826554735538508556e+00,7.376806015781120650e-08
1.829165964610043549e+00,7.436868998417568700e-08
1.831780926675247390e+00,7.325944161564572049e-08
1.834399627070780525e+00,8.023230730285978215e-08
1.837022071140931967e+00,6.869514866120828004e-08
1.839648264237630837e+00,7.512278039775104140e-08
1.842278211720458359e+00,7.507885308786749511e-08
1.844911918956656294e+00,8.391527599871054054e-08
1.847549391321140710e+00,6.313188762976297391e-08
1.850190634196510642e+00,7.546355910046417741e-08
1.852835652973060743e+00,7.936540505741235277e-08
1.855484453048790616e+00,6.914116068087951513e-08
1.858137039829418136e+00,6.903224867522108068e-08
1.860793418728388326e+00,5.979962824079133002e-08
1.863453595166884913e+00,7.420361202755645934e-08
1.866117574573842752e+00,7.356411748880944959e-08
1.868785362385957161e+00,6.144067518343285918e-08
1.871456964047695459e+00,6.765173056492067250e-08
1.874132385011308966e+00,7.374313485212502843e-08
1.876811630736843650e+00,8.430248302738509254e-08
1.879494706692149908e+00,9.600169112840858585e-08
1.882181618352896546e+00,9.300982304439866481e-08
1.884872371202579444e+00,8.728456569639664832e-08
1.887566970732533100e+00,8.936207935237478365e-08
1.890265422441943954e+00,9.271432179703161829e-08
1.892967731837858381e+00,9.557876084810381000e-08
1.895673904435196455e+00,1.075887918616868366e-07
1.898383945756762170e+00,9.396089875567065405e-08
1.901097861333254979e+00,9.469747047255519644e-08
1.903815656703281345e+00,9.606250771493882385e-08
1.906537337413364730e+00,8.052093525788780926e-08
1.909262909017958698e+00,1.056684555797606076e-07
1.911992377079457128e+00,9.329708197545909763e-08
1.914725747168205761e+00,9.040736384575198536e-08
1.917463024862513965e+00,9.523988306678605668e-08
1.920204215748664733e+00,8.044811586804893356e-08
1.922949325420928890e+00,9.579247407781728807e-08
1.925698359481573751e+00,9.294364723441514223e-08
1.928451323540875562e+00,8.972432110585327367e-08
1.931208223217131481e+00,9.302237696002486421e-08
1.933969064136670024e+00,9.080591542088807282e-08
1.936733851933863493e+00,9.069420677351411132e-08
1.939502592251138857e+00,7.838107088546327679e-08
1.942275290738988858e+00,8.581629916982599481e-08
1.945051953055985550e+00,9.118830960138237276e-08
1.947832584868788963e+00,9.319123611621335672e-08
1.950617191852161092e+00,1.069446276547223149e-07
1.953405779688976329e+00,9.982995437905777205e-08
1.956198354070233014e+00,8.371839967084128021e-08
1.958994920695065423e+00,1.031182427816287308e-07
1.961795485270755313e+00,9.349518808381161864e-08
1.964600053512743694e+00,1.019105854682484773e-07
1.967408631144642150e+00,1.079130982748479570e-07
1.970221223898244389e+00,1.117570673569739269e-07
1.973037837513538673e+00,1.069253805477222102e-07
1.975858477738718921e+00,1.078478066578599159e-07
1.978683150330196927e+00,1.170635967817199296e-07
1.981511861052613455e+00,1.111738730575508224e-07
1.984344615678850232e+00,1.173280514235011905e-07
1.987181419990042386e+00,1.211473816947860792e-07
1.990022279775589320e+00,1.117926713901234023e-07
1.992867200833166930e+00,1.157802896321283780e-07
1.995716188968740035e+00,1.273032807447994802e-07
1.998569249996572594e+00,1.205455758483871873e-07
2.001426389739241252e+00,1.280685968128269482e-07
2.004287614027646214e+00,1.329668895983585494e-07
2.007152928701024130e+00,1.259329709858532469e-07
2.010022339606958308e+00,1.253330034407391274e-07
2.012895852601392921e+00,1.372232319197589064e-07
2.015773473548643224e+00,1.333195206436493098e-07
2.018655208321407546e+00,1.346324762684558863e-07
2.021541062800780608e+00,1.413196296267812216e-07
2.024431042876264186e+00,1.405711121041607048e-07
2.027325154445779987e+00,1.410841146126312545e-07
2.030223403415681638e+00,1.358567680235710764e-07
2.033125795700764904e+00,1.450869621876594631e-07
2.036032337224282784e+00,1.441510539495442480e-07
2.038943033917956171e+00,1.435869805997725495e-07
2.041857891721984508e+00,1.439121463894688184e-07
2.044776916585061777e+00,1.455395073128682189e-07
2.047700114464382715e+00,1.499057559796569230e-07
2.050627491325661467e+00,1.477511643329940328e-07
2.053559053143139579e+00,1.485285974458059736e-07
2.056494805899598877e+00,1.509307982198156627e-07
2.059434755586374344e+00,1.513852433575380962e-07
2.062378908203367445e+00,1.507170759007477993e-07
2.065327269759055007e+00,1.528197155944226420e-07
2.068279846270505207e+00,1.533195303470433099e-07
2.071236643763386898e+00,1.541072345607470276e-07
2.074197668271983819e+00,1.547589533403610567e-07
2.077162925839206586e+00,1.545330602983364165e-07
2.080132422516603796e+00,1.553915475856352617e-07
2.083106164364375790e+00,1.565596932392275071e-07
2.086084157451387533e+00,1.571572311230600169e-07
2.089066407855177943e+00,1.578576950672539546e-07
2.092052921661975873e+00,1.581040340300477147e-07
2.095043704966710330e+00,1.584055686692373869e-07
2.098038763873025125e+00,1.596752747177360348e-07
2.101038104493286873e+00,1.599668380775000342e-07
2.104041732948602306e+00,1.607188511680627322e-07
2.107049655368829377e+00,1.618299558274290937e-07
2.110061877892587923e+00,1.623411570686944760e-07
2.113078406667273867e+00,1.629229838313233187e-07
2.116099247849071219e+00,1.636573476347671349e-07
2.119124407602965388e+00,1.642069436756634790e-07
2.122153892102755179e+00,1.654498010663816895e-07
2.125187707531065229e+00,1.660724729543392612e-07
2.128225860079358434e+00,1.670994794825322999e-07
2.131268355947949722e+00,1.676947829237545153e-07
2.134315201346017155e+00,1.684991509151190640e-07
2.137366402491615247e+00,1.692033602243068632e-07
2.140421965611689181e+00,1.698883719819085857e-07
2.143481896942085019e+00,1.703493924472729468e-07
2.146546202727563468e+00,1.712642720041149637e-07
2.149614889221813208e+00,1.718961766506956560e-07
2.152687962687462875e+00,1.724874677621780614e-07
2.155765429396094390e+00,1.728494282974030142e-07
2.158847295628254503e+00,1.736998342927639220e-07
2.161933567673470336e+00,1.744994824665820187e-07
2.165024251830258706e+00,1.749880346757903304e-07
2.168119354406142119e+00,1.758362751324605793e-07
2.171218881717659421e+00,1.766665843218919515e-07
2.174322840090379572e+00,1.772593575684054402e-07
2.177431235858914960e+00,1.779486108388570831e-07
2.180544075366933399e+00,1.787703844117152089e-07
2.183661364967172336e+00,1.793156947143281010e-07
2.186783111021449955e+00,1.798792280997543543e-07
2.189909319900680273e+00,1.807421126855957209e-07
2.193039997984884693e+00,1.813110372590984880e-07
2.196175151663204872e+00,1.810718209800182091e-07
2.199314787333917387e+00,1.824374635213196554e-07
2.202458911404445274e+00,1.829537407050414740e-07
2.205607530291370910e+00,1.832450566650720478e-07
2.208760650420450666e+00,1.844567206104081644e-07
2.211918278226627343e+00,1.850537566458083317e-07
2.215080420154042606e+00,1.857832412862622398e-07
2.218247082656049862e+00,1.858566743932882532e-07
2.221418272195229804e+00,1.870632726675675434e-07
2.224593995243400180e+00,1.874496353801957151e-07
2.227774258281632669e+00,1.883894282913979664e-07
2.230959067800262652e+00,1.894926227808801175e-07
2.234148430298905197e+00,1.901333995294815037e-07
2.237342352286466607e+00,1.911105627265151631e-07
2.240540840281157742e+00,1.913989792357004258e-07
2.243743900810509118e+00,1.908909594538663477e-07
2.246951540411382453e+00,1.932668082669429340e-07
2.250163765629983104e+00,1.933121795875499807e-07
2.253380583021877825e+00,1.939622407905908245e-07
2.256601999152002325e+00,1.947501360851688557e-07
2.259828020594678577e+00,1.961931748692203246e-07
2.263058653933628150e+00,1.969091319806159775e-07
2.266293905761981975e+00,1.969303756332386956e-07
2.269533782682299439e+00,1.931352956456883982e-07
2.272778291306577714e+00,1.986048674353009167e-07
2.276027438256265967e+00,1.989452241495203248e-07
2.279281230162279570e+00,1.967772015384051939e-07
2.282539673665013424e+00,2.010129917797180695e-07
2.285802775414356169e+00,2.014694867233069291e-07
2.289070542069702174e+00,2.019955412289827910e-07
2.292342980299966637e+00,2.016234043538418079e-07
2.295620096783598019e+00,1.998135696912059536e-07
2.298901898208592698e+00,2.035806402630170107e-07
2.302188391272507850e+00,2.033817341052553338e-07
2.305479582682475659e+00,2.041329860637995219e-07
2.308775479155217081e+00,2.036816568647971934e-07
2.312076087417054726e+00,2.059949673816365164e-07
2.315381414203927068e+00,2.058499137566906455e-07
2.318691466261402212e+00,2.055324624832104047e-07
2.322006250344692546e+00,2.028055677078702918e-07
2.325325773218666292e+00,2.092140042843745545e-07
2.328650041657863934e+00,2.086038786148072053e-07
2.331979062446510209e+00,2.053201955357035597e-07
2.335312842378528320e+00,2.103434874570987750e-07
2.338651388257554142e+00,2.116748669652414622e-07
2.341994706896950440e+00,2.098620583506153410e-07
2.345342805119819296e+00,2.083052752523270153e-07
2.348695689759018990e+00,2.117135585399613723e-07
2.352053367657173766e+00,1.996659977869756362e-07
2.355415845666691155e+00,2.151427776331789603e-07
2.358783130649774407e+00,2.077598319152068155e-07
2.362155229478437590e+00,2.167415051281202719e-07
2.365532149034518028e+00,2.174107785013643361e-07
2.368913896209692727e+00,2.097553741047417331e-07
2.372300477905489480e+00,2.176809518057595561e-07
2.375691901033302855e+00,2.154959797349069239e-07
2.379088172514408850e+00,2.174720517610853907e-07
2.382489299279976436e+00,1.999268071665662254e-07
2.385895288271084880e+00,2.148969352685582522e-07
2.389306146438734846e+00,2.113302245904353991e-07
2.392721880743865270e+00,2.138986543897884595e-07
2.396142498157366241e+00,2.187286108750845484e-07
2.399568005660093206e+00,2.226639672464637448e-07
2.402998410242881189e+00,2.171344185747235526e-07
2.406433718906558994e+00,2.200223507101173328e-07
2.409873938661965198e+00,2.245305926584332162e-07
2.413319076529960139e+00,2.150565805190661077e-07
2.416769139541440126e+00,2.210206953397528128e-07
2.420224134737353427e+00,2.068482846726179032e-07
2.423684069168714927e+00,2.228046554383512579e-07
2.427148949896619445e+00,2.152269843861128953e-07
2.430618783992254173e+00,2.167077053845746625e-07
2.434093578536917768e+00,2.033474379222123074e-07
2.437573340622031459e+00,2.111523778264396984e-07
2.441058077349154143e+00,2.170554671275309022e-07
2.444547795829996595e+00,2.073591698064854553e-07
2.448042503186436569e+00,2.096322415915628421e-07
2.451542206550534786e+00,1.897990048345020533e-07
2.455046913064545588e+00,1.981947155392294401e-07
2.458556629880935596e+00,2.157480997697449454e-07
2.462071364162395248e+00,1.754493934809520782e-07
2.465591123081855240e+00,2.185228354630776117e-07
2.469115913822501618e+00,1.803879180096227780e-07
2.472645743577787769e+00,1.807210452637818873e-07
2.476180619551451301e+00,1.801284782635382313e-07
2.479720548957529580e+00,2.003989741554438651e-07
2.483265539020371282e+00,1.757424326749826803e-07
2.486815596974653708e+00,1.960897494176200328e-07
2.490370730065396998e+00,1.313812828102085812e-07
2.493930945547978340e+00,2.056624837439033084e-07
2.497496250688147068e+00,1.468306409900197229e-07
2.501066652762040210e+00,1.979662364084902115e-07
2.504642159056196249e+00,1.245115258802808112e-07
2.508222776867570225e+00,1.821298794204003071e-07
2.511808513503550166e+00,1.493561680630501462e-07
2.515399376281968635e+00,1.419569871450504062e-07
2.518995372531120935e+00,1.472205124474384263e-07
2.522596509589778879e+00,1.410789143266858323e-07
2.526202794807205443e+00,1.367192406611778435e-07
2.529814235543170309e+00,1.627716951822910743e-07
2.533430839167964521e+00,1.180764445964851680e-07
2.537052613062415141e+00,1.172293223651532041e-07
2.540679564617900787e+00,1.599719357473879918e-07
2.544311701236368517e+00,1.007259378206987802e-07
2.547949030330344922e+00,1.214363239084725185e-07
2.551591559322954339e+00,1.209427867132966004e-07
2.555239295647933950e+00,1.478827781954734363e-07
2.558892246749646660e+00,1.656043016049008883e-07
2.562550420083098857e+00,9.041251788821145257e-08
2.566213823113954184e+00,1.075094551862085165e-07
2.569882463318549082e+00,1.428210703072537583e-07
2.573556348183908327e+00,1.151716513287891645e-07
2.577235485207759247e+00,1.312532961886907032e-07
2.580919881898549928e+00,1.629459598327609373e-07
2.584609545775459871e+00,1.030013665758279409e-07
2.588304484368419978e+00,1.152090429939671865e-07
2.592004705218124982e+00,1.519021561609131678e-07
2.595710215876049887e+00,9.113064044139338352e-08
2.599421023904464612e+00,1.598374093943192001e-07
2.603137136876450874e+00,1.241251669151544882e-07
2.606858562375917288e+00,1.266677128840105351e-07
2.610585307997612681e+00,1.911375689087199963e-07
2.614317381347145197e+00,1.671544631277030558e-07
2.618054790040994284e+00,1.370997902772250520e-07
2.621797541706528456e+00,1.694218143288235703e-07
2.625545643982020394e+00,1.892275640427540000e-07
2.629299104516662489e+00,1.640685863522432224e-07
2.633057930970582383e+00,1.612653821360018247e-07
2.636822131014857629e+00,2.519849620066672716e-07
2.640591712331533891e+00,1.637389450749376603e-07
2.644366682613637387e+00,1.934515802288097140e-07
2.648147049565194422e+00,2.004457183639937510e-07
2.651932820901242049e+00,1.768253121038860403e-07
2.655724004347848943e+00,1.702354312348533483e-07
2.659520607642127388e+00,1.754547093960530797e-07
2.663322638532252373e+00,1.491918235835923565e-07
2.667130104777474031e+00,1.181368253136557393e-07
2.670943014148135397e+00,1.226342938719311786e-07
2.674761374425687954e+00,1.187934992343349808e-07
2.678585193402708953e+00,1.065546439564103835e-07
2.682414478882912956e+00,1.123336348483843099e-07
2.686249238681173157e+00,1.062862746716036004e-07
2.690089480623534257e+00,1.412882878307902400e-07
2.693935212547227565e+00,9.507454538821706366e-08
2.697786442300690979e+00,1.288634185923334634e-07
2.701643177743579649e+00,1.404465947200065361e-07
2.705505426746787290e+00,1.546097476747041353e-07
2.709373197192458171e+00,1.232230410477489223e-07
2.713246496974005773e+00,1.430042866557455444e-07
2.717125333996127878e+00,1.595266188736802733e-07
2.721009716174821236e+00,1.286269975374521658e-07
2.724899651437401982e+00,1.266523858881068273e-07
2.728795147722516745e+00,1.992244921626212690e-07
2.732696212980161299e+00,2.267739870213443258e-07
2.736602855171698323e+00,1.454747813212128636e-07
2.740515082269871172e+00,9.359572904520803712e-08
2.744432902258820306e+00,1.989485238116789637e-07
2.748356323134101498e+00,2.366124383889616078e-07
2.752285352902699600e+00,1.674995743344916706e-07
2.756219999583046754e+00,1.094762147286113644e-07
2.760160271205038374e+00,2.051022042015157073e-07
2.764106175810049137e+00,1.314000080144536656e-07
2.768057721450950304e+00,1.281679864040627362e-07
2.772014916192124367e+00,1.295614969882445401e-07
2.775977768109482824e+00,1.955947511914784637e-07
2.779946285290482599e+00,1.273830436970986067e-07
2.783920475834142927e+00,1.562363523771689251e-07
2.787900347851061333e+00,1.067892874206490683e-07
2.791885909463428739e+00,1.802130209510503867e-07
2.795877168805049884e+00,2.242237468780445589e-07
2.799874134021354433e+00,1.925639131014049895e-07
2.803876813269419621e+00,7.994143969761565237e-08
2.807885214717982247e+00,1.716161375567133710e-07
2.811899346547457768e+00,2.181022126808270881e-07
2.815919216949955839e+00,1.550899694442663864e-07
2.819944834129298528e+00,1.093368799516639025e-07
2.823976206301034519e+00,2.138395406367523727e-07
2.828013341692458660e+00,2.021944115494546284e-07
2.832056248542627053e+00,2.124464167639175173e-07
2.836104935102373492e+00,1.109623400421172844e-07
2.840159409634328114e+00,2.027065643869637427e-07
2.844219680412933826e+00,2.196951444723875243e-07
2.848285755724460522e+00,1.728974891992593823e-07
2.852357643867025949e+00,1.866468038373300165e-07
2.856435353150610368e+00,1.332092271290997737e-07
2.860518891897072979e+00,2.223505041343201068e-07
2.864608268440171024e+00,2.206294372349620230e-07
2.868703491125575766e+00,1.913243067296209969e-07
2.872804568310887596e+00,1.501854805203419864e-07
2.876911508365656900e+00,2.425275572551283559e-07
2.881024319671397826e+00,2.214304127835062477e-07
2.885143010621607385e+00,2.053516420187246921e-07
2.889267589621781429e+00,1.525112050260425151e-07
2.893398065089432869e+00,2.174891271182027665e-07
2.897534445454106766e+00,2.465927523539061582e-07
2.901676739157401208e+00,2.110163060614089755e-07
2.905824954652980630e+00,2.108879014211828585e-07
2.909979100406594910e+00,1.761558146898379188e-07
2.914139184896096690e+00,2.751582147401151183e-07
2.918305216611459585e+00,2.574955180438892936e-07
2.922477204054792832e+00,1.903959052543291127e-07
2.926655155740361280e+00,2.460484617958690723e-07
2.930839080194600932e+00,2.240664843597506404e-07
2.935028985956137149e+00,2.956270985539119703e-07
2.939224881575803305e+00,2.491352685190799548e-07
2.943426775616655444e+00,2.557166024584524782e-07
2.947634676653991814e+00,2.147150243527967482e-07
2.951848593275370192e+00,2.587451611165968184e-07
2.956068534080624755e+00,2.562564462568430660e-07
2.960294507681883847e+00,2.684797117971014037e-07
2.964526522703588185e+00,2.498626815940696542e-07
2.968764587782506847e+00,2.459980412046224012e-07
2.973008711567757256e+00,2.631697752344310038e-07
2.977258902720820721e+00,2.668664478647055841e-07
2.981515169915561536e+00,2.792984813583594321e-07
2.985777521838242965e+00,2.679180948114163773e-07
2.990045967187547227e+00,2.730080160108333764e-07
2.994320514674591927e+00,3.119679858751395683e-07
2.998601173022947375e+00,2.640628611762720551e-07
3.002887950968656128e+00,2.990135107628805971e-07
3.007180857260248530e+00,2.456483089051513546e-07
3.011479900658762254e+00,3.001703117151527600e-07
3.015785089937760066e+00,2.959999872785131245e-07
3.020096433883346698e+00,2.846505423421918397e-07
3.024413941294188390e+00,3.191328685386584273e-07
3.028737620981528877e+00,3.141388462358702757e-07
3.033067481769208040e+00,2.982589282502796022e-07
3.037403532493681446e+00,3.130881026624979823e-07
3.041745782004037224e+00,3.340977117792591566e-07
3.046094239162013384e+00,2.809915258144707805e-07
3.050448912842016469e+00,2.920927951668931693e-07
3.054809811931140651e+00,3.056412791462469186e-07
3.059176945329183717e+00,3.462593181572321246e-07
3.063550321948668387e+00,3.101653233246918216e-07
3.067929950714856968e+00,3.211313098862166927e-07
3.072315840565771783e+00,3.052974678915021611e-07
3.076708000452213376e+00,3.355503810385345093e-07
3.081106439337778280e+00,3.297238726193269666e-07
3.085511166198876332e+00,3.310990573431296198e-07
3.089922190024750215e+00,3.194844065566158372e-07
3.094339519817495443e+00,3.035695864562214661e-07
3.098763164592074126e+00,3.279538364282474839e-07
3.103193133376337620e+00,3.504802599968297567e-07
3.107629435211042512e+00,3.427616111450508990e-07
3.112072079149871939e+00,3.408612841587750507e-07
3.116521074259450685e+00,3.481436362595956933e-07
3.120976429619363834e+00,3.376732385707108139e-07
3.125438154322179862e+00,3.543679000500814269e-07
3.129906257473462627e+00,3.622569724011482296e-07
3.134380748191794908e+00,3.461120891136366973e-07
3.138861635608796163e+00,3.493463477060245916e-07
3.143348928869137637e+00,3.475060255477156968e-07
3.147842637130565890e+00,3.338349263840834842e-07
3.152342769563919234e+00,3.652498070299344682e-07
3.156849335353146380e+00,3.636215139992603375e-07
3.161362343695324206e+00,3.676776589927975721e-07
3.165881803800679073e+00,3.662181691283414081e-07
3.170407724892602808e+00,3.472460808232878712e-07
3.174940116207674468e+00,3.573538964630038839e-07
3.179478986995677214e+00,3.738261784349329547e-07
3.184024346519617410e+00,3.623126380433743936e-07
3.188576204055742824e+00,3.541569759561148310e-07
3.193134568893563952e+00,3.571750721692729603e-07
3.197699450335871330e+00,3.433764870208681490e-07
3.202270857698753304e+00,3.500822095894776919e-07
3.206848800311617786e+00,3.677223974426033814e-07
3.211433287517210022e+00,3.569705324205472762e-07
3.216024328671631238e+00,3.668889704262445493e-07
3.220621933144356852e+00,3.765792267448037990e-07
3.225226110318259565e+00,3.436443801280331910e-07
3.229836869589622239e+00,3.614364983449156687e-07
3.234454220368164101e+00,3.721536633988169997e-07
3.239078172077054063e+00,3.561745983904091807e-07
3.243708734152932927e+00,3.754443960143509523e-07
3.248345916045932036e+00,3.737208503211148493e-07
3.252989727219693705e+00,3.791430616113063567e-07
3.257640177151387206e+00,3.734528290459326817e-07
3.262297275331732749e+00,3.687395126221417111e-07
3.266961031265016135e+00,3.783162724453569452e-07
3.271631454469112299e+00,3.762556109234141623e-07
3.276308554475501733e+00,3.781899686451439844e-07
3.280992340829291365e+00,3.562630585320917680e-07
3.285682823089233207e+00,3.753931187199457746e-07
3.290380010827745672e+00,3.791433046943289078e-07
3.295083913630930894e+00,3.615685680996712879e-07
3.299794541098594713e+00,3.244696892795671714e-07
3.304511902844268434e+00,3.904641956004201923e-07
3.309236008495225256e+00,3.804074787015973503e-07
3.313966867692502483e+00,3.661999733413892624e-07
3.318704490090919723e+00,3.662224128858249595e-07
3.323448885359098437e+00,3.815345905238332092e-07
3.328200063179483248e+00,3.793561681040417977e-07
3.332958033248360596e+00,3.720208021819140000e-07
3.337722805275878279e+00,3.850386613708448139e-07
3.342494388986065879e+00,3.808839135149857219e-07
3.347272794116853856e+00,3.758519493232968553e-07
3.352058030420095314e+00,3.783663292248642622e-07
3.356850107661582427e+00,3.790314379856528518e-07
3.361649035621069981e+00,3.720280762428066916e-07
3.366454824092294018e+00,3.793957850103987909e-07
3.371267482882990940e+00,3.897757414153731477e-07
3.376087021814918820e+00,3.873212730820329329e-07
3.380913450723875613e+00,3.857111294581943698e-07
3.385746779459720912e+00,3.811358906347951876e-07
3.390587017886397270e+00,3.947219341267462031e-07
3.395434175881946182e+00,3.877846233188308612e-07
3.400288263338532069e+00,3.853871286964827369e-07
3.405149290162461817e+00,3.883747711405995002e-07
3.410017266274202541e+00,3.802374281717470039e-07
3.414892201608404676e+00,4.020485099131922239e-07
3.419774106113921519e+00,3.985344570241724448e-07
3.424662989753826992e+00,3.987949690227082240e-07
3.429558862505441397e+00,3.983547340686973206e-07
3.434461734360345631e+00,3.793340969237109006e-07
3.439371615324406495e+00,3.999309483446155725e-07
3.444288515417794017e+00,4.034839683906945869e-07
3.449212444675003653e+00,3.948372838649585447e-07
3.454143413144874941e+00,3.958849626298489040e-07
3.459081430890615039e+00,4.006972298630502756e-07
3.464026507989815151e+00,4.016512811940429014e-07
3.468978654534475847e+00,4.001595260088813314e-07
3.473937880631022601e+00,3.979108599148344805e-07
3.478904196400331106e+00,4.019010194458833939e-07
3.483877611977744593e+00,4.048090691501100085e-07
3.488858137513095592e+00,4.029864773048774021e-07
3.493845783170726804e+00,4.093495080917030275e-07
3.498840559129512862e+00,4.078658024423193119e-07
3.503842475582879423e+00,3.934380250053092988e-07
3.508851542738823603e+00,4.008583923490693660e-07
3.513867770819937064e+00,4.011209129531726945e-07
3.518891170063425111e+00,4.057710330972595539e-07
3.523921750721128454e+00,3.953048312129089848e-07
3.528959523059543635e+00,4.062218744354378956e-07
3.534004497359843455e+00,3.947008817507012933e-07
3.539056683917899626e+00,4.034546920138916610e-07
3.544116093044301419e+00,4.102438927754106299e-07
3.549182735064379202e+00,3.976263189829964312e-07
3.554256620318224424e+00,3.990714424985599159e-07
3.559337759160709602e+00,4.015284660328699774e-07
3.564426161961511408e+00,4.006495671607146503e-07
3.569521839105131100e+00,4.042477252444426867e-07
3.574624800990914064e+00,4.016523581494790580e-07
3.579735058033074235e+00,4.008474139676051015e-07
3.584852620660712752e+00,4.017107034512523798e-07
3.589977499317840604e+00,3.955275345914642574e-07
3.595109704463399503e+00,4.024691716119123114e-07
3.600249246571281425e+00,4.038143802240970393e-07
3.605396136130354812e+00,3.953409112923887996e-07
3.610550383644480110e+00,4.005687187153736941e-07
3.615711999632535978e+00,4.045104499819656676e-07
3.620880994628436600e+00,3.986399832129650133e-07
3.626057379181157891e+00,4.027187226329568761e-07
3.631241163854755705e+00,3.987691397014614581e-07
3.636432359228386701e+00,4.018199956506962845e-07
3.641630975896333222e+00,3.980677716806240913e-07
3.646837024468022825e+00,3.978568507908403039e-07
3.652050515568048716e+00,4.015216660279580891e-07
3.657271459836194616e+00,4.022696331975774300e-07
3.662499867927454744e+00,4.041006204572825929e-07
3.667735750512054693e+00,3.973722636582772342e-07
3.672979118275474963e+00,4.027388435777596416e-07
3.678229981918470948e+00,4.030084424142348652e-07
3.683488352157096468e+00,3.994527850684787868e-07
3.688754239722725092e+00,4.001205143321966577e-07
3.694027655362071449e+00,4.017611909266107342e-07
3.699308609837213879e+00,4.005374591637996608e-07
3.704597113925616192e+00,4.009537985293342484e-07
3.709893178420148985e+00,4.028995159020306134e-07
3.715196814129113179e+00,4.000570956057615356e-07
3.720508031876260446e+00,3.979595606092752360e-07
3.725826842500816305e+00,3.998642836048369593e-07
3.731153256857501432e+00,4.021327715759169790e-07
3.736487285816554760e+00,4.027831345567655003e-07
3.741828940263755232e+00,4.031077122514240218e-07
3.747178231100444457e+00,4.036670006741145964e-07
3.752535169243547131e+00,4.019906910196634797e-07
3.757899765625596800e+00,4.002659014959684729e-07
3.763272031194754952e+00,4.040762637056833175e-07
3.768651976914833668e+00,4.006067361406874117e-07
3.774039613765319601e+00,4.022059108204605042e-07
3.779434952741396181e+00,3.995703730821127507e-07
3.784838004853964488e+00,4.034931466374512664e-07
3.790248781129667233e+00,4.036494447158985219e-07
3.795667292610910959e+00,4.015840072496734997e-07
3.801093550355887807e+00,4.024056347046338505e-07
3.806527565438598160e+00,4.039160528553307519e-07
3.811969348948875513e+00,4.037321977115229272e-07
3.817418911992405128e+00,4.053301209856836669e-07
3.822876265690751119e+00,4.043834807257241141e-07
3.828341421181374216e+00,4.060419069487856722e-07
3.833814389617659302e+00,4.046956107215515552e-07
3.839295182168935838e+00,4.036593840689619732e-07
3.844783810020500514e+00,4.014119566993434825e-07
3.850280284373639450e+00,4.043469875667841227e-07
3.855784616445653512e+00,4.034218667644683457e-07
3.861296817469878739e+00,4.024615865894221713e-07
3.866816898695711657e+00,4.048005868166828898e-07
3.872344871388629706e+00,4.059406931010217748e-07
3.877880746830214775e+00,4.031939421896231534e-07
3.883424536318178077e+00,4.054922921192040214e-07
3.888976251166381459e+00,4.099006069027011295e-07
3.894535902704861385e+00,4.046221764217592359e-07
3.900103502279850698e+00,4.067550429709077953e-07
3.905679061253803486e+00,4.056588855209667931e-07
3.911262591005417733e+00,4.068833091493152728e-07
3.916854102929657522e+00,4.059863256447947330e-07
3.922453608437777461e+00,4.059021687244871102e-07
3.928061118957345776e+00,4.071777321955064825e-07
3.933676645932266958e+00,4.081340658173360958e-07
3.939300200822806630e+00,4.095135091643151165e-07
3.944931795105613315e+00,4.072637688770697599e-07
3.950571440273741963e+00,4.095415164846689106e-07
3.956219147836677941e+00,4.092558804922483105e-07
3.961874929320361893e+00,4.082207207409354033e-07
3.967538796267210621e+00,4.092412902479276535e-07
3.973210760236141947e+00,4.112787905184999613e-07
3.978890832802598254e+00,4.162678579038172582e-07
3.984579025558571352e+00,4.112311988703833313e-07
3.990275350112622466e+00,4.127147023591723084e-07
3.995979818089910207e+00,4.098950460172809149e-07
4.001692441132211897e+00,4.203019476817615662e-07
4.007413230897949319e+00,4.114769249839163185e-07
4.013142199062206039e+00,4.127906356999246653e-07
4.018879357316762935e+00,4.126923701455557226e-07
4.024624717370111071e+00,4.228883402993761294e-07
4.030378290947480124e+00,4.199161535855991252e-07
4.036140089790865915e+00,4.150519066430976748e-07
4.041910125659043729e+00,4.191093506016273028e-07
4.047688410327606512e+00,4.226068183791601592e-07
4.053474955588976414e+00,4.192380560721185851e-07
4.059269773252434987e+00,4.293284782990145202e-07
4.065072875144146280e+00,4.207903676102096878e-07
4.070884273107184370e+00,4.165752919201209914e-07
4.076703979001548461e+00,4.397527162562278463e-07
4.082532004704194861e+00,4.308724094287965030e-07
4.088368362109061849e+00,4.312410180263968049e-07
4.094213063127088326e+00,4.303143227838919891e-07
4.100066119686241350e+00,4.374263894537513118e-07
4.105927543731540119e+00,4.319762988998233745e-07
4.111797347225080834e+00,4.343691453977934197e-07
4.117675542146060685e+00,4.403362125036808972e-07
4.123562140490800942e+00,4.335303490197275432e-07
4.129457154272776265e+00,4.556258157468845066e-07
4.135360595522630689e+00,4.428954978546124621e-07
4.141272476288209603e+00,4.460879466540099211e-07
4.147192808634583727e+00,4.399779638950630727e-07
4.153121604644068654e+00,4.462955221021983646e-07
4.159058876416255046e+00,4.557990185399729455e-07
4.165004636068029953e+00,4.510152553972561933e-07
4.170958895733603455e+00,4.638754987781588152e-07
4.176921667564530871e+00,4.548518646657409091e-07
4.182892963729740288e+00,4.618400880018275396e-07
4.188872796415559208e+00,4.590493711158026048e-07
4.194861177825732312e+00,4.492751532771122322e-07
4.200858120181450772e+00,4.561190080869015955e-07
4.206863635721382444e+00,4.614413825417229573e-07
4.212877736701685194e+00,4.614552353523912004e-07
4.218900435396040649e+00,4.689405828886183037e-07
4.224931744095677288e+00,4.602472891794829675e-07
4.230971675109396202e+00,4.674997403673991981e-07
4.237020240763591516e+00,4.640121794186919860e-07
4.243077453402282373e+00,4.648970996799384391e-07
4.249143325387131576e+00,4.753699938402038786e-07
4.255217869097478456e+00,4.634380655114420881e-07
4.261301096930354859e+00,4.637770549204660402e-07
4.267393021300520672e+00,4.693711763900703764e-07
4.273493654640478923e+00,4.659676907969604037e-07
4.279603009400508640e+00,4.670147694001614318e-07
4.285721098048686173e+00,4.642006739796129731e-07
4.291847933070915388e+00,4.645069961068278784e-07
4.297983526970945434e+00,4.741386988741261144e-07
4.304127892270404487e+00,4.628954861176749319e-07
4.310281041508818412e+00,4.783671359582835761e-07
4.316442987243641838e+00,4.785857465789949032e-07
4.322613742050281260e+00,4.729864041649323305e-07
4.328793318522118128e+00,4.685988528894554992e-07
4.334981729270542594e+00,4.665936926756663733e-07
4.341178986924967731e+00,4.786028003171467677e-07
4.347385104132866829e+00,4.800813117736458398e-07
4.353600093559791162e+00,4.728941838559058040e-07
4.359823967889397522e+00,4.771509289602211518e-07
4.366056739823479305e+00,4.743333247252908874e-07
4.372298422081983382e+00,4.854024633866108046e-07
4.378549027403044747e+00,4.869665509945585095e-07
4.384808568543006935e+00,4.771810992659883615e-07
4.391077058276449563e+00,4.875596519695027520e-07
4.397354509396215860e+00,4.717847344068366217e-07
4.403640934713438426e+00,4.802766923279669494e-07
4.409936347057560546e+00,4.921281750181555664e-07
4.416240759276370831e+00,4.890692941766814423e-07
4.422554184236022756e+00,4.961440242935189722e-07
4.428876634821063973e+00,4.553472382475741225e-07
4.435208123934460289e+00,4.766575578550922144e-07
4.441548664497627641e+00,4.910751544271098234e-07
4.447898269450448083e+00,4.901274705129088266e-07
4.454256951751307092e+00,5.010348982310670015e-07
4.460624724377113104e+00,4.990962944237938957e-07
4.467001600323327715e+00,4.860152855506325638e-07
4.473387592603989660e+00,4.831945833903734800e-07
4.479782714251744125e+00,4.905939072467088667e-07
4.486186978317865837e+00,4.980068795024520083e-07
4.492600397872287488e+00,4.947524184582263913e-07
4.499022986003628155e+00,4.960185273887094224e-07
4.505454755819216395e+00,4.930461935095279498e-07
4.511895720445119551e+00,4.974087724237622695e-07
4.518345893026171289e+00,4.806297297239428136e-07
4.524805286725994691e+00,4.873290967927753650e-07
4.531273914727032448e+00,4.838585070255670312e-07
4.537751790230574400e+00,4.876930075043070557e-07
4.544238926456779737e+00,4.984159686562175711e-07
4.550735336644709861e+00,5.025235213241826336e-07
4.557241034052350592e+00,5.045941233005468456e-07
4.563756031956643255e+00,5.056065220784378141e-07
4.570280343653507771e+00,4.815905115188311462e-07
4.576813982457872854e+00,4.945627536700767368e-07
4.583356961703703547e+00,4.983116826766668615e-07
4.589909294744023427e+00,5.033683672683030255e-07
4.596470994950948352e+00,4.975492995041237321e-07
4.603042075715711334e+00,4.972979412085947093e-07
4.609622550448685629e+00,5.060947849302428605e-07
4.616212432579420266e+00,4.989356414738625335e-07
4.622811735556661361e+00,4.700772378039615541e-07
4.629420472848378765e+00,4.970217597296837466e-07
4.636038657941801588e+00,5.038481277724032404e-07
4.642666304343434192e+00,4.982482734498703554e-07
4.649303425579092597e+00,4.972784655076994854e-07
4.655950035193930248e+00,4.923324795447929650e-07
4.662606146752464653e+00,4.796296899184465573e-07
4.669271773838601369e+00,5.082172453329928376e-07
4.675946930055669526e+00,4.721197352409118005e-07
4.682631629026442255e+00,4.535466880954976555e-07
4.689325884393171329e+00,5.036153005354368988e-07
4.696029709817608477e+00,4.960279281293951651e-07
4.702743118981036474e+00,5.034755388217748678e-07
4.709466125584297558e+00,4.801804075905043040e-07
4.716198743347820965e+00,5.002429562176501590e-07
4.722940986011649578e+00,5.009590502088564629e-07
4.729692867335469231e+00,4.379144770237643261e-07
4.736454401098637135e+00,5.091074068862478176e-07
4.743225601100208522e+00,4.971318911031495904e-07
4.750006481158965066e+00,5.160486708801023426e-07
4.756797055113445971e+00,5.011320952283021841e-07
4.763597336821971062e+00,5.034551295938447363e-07
4.770407340162674537e+00,4.812986152066605878e-07
4.777227079033529833e+00,4.890120273396674153e-07
4.784056567352377165e+00,4.450061725863254935e-07
4.790895819056956384e+00,4.727139095318863398e-07
4.797744848104930071e+00,5.125384843050635900e-07
4.804603668473914624e+00,4.924656129143257240e-07
4.811472294161511343e+00,4.704531973559714565e-07
4.818350739185330411e+00,4.809984320431537435e-07
4.825239017583022871e+00,5.092702459998518743e-07
4.832137143412306379e+00,5.078065376885429484e-07
4.839045130750994517e+00,4.458075926268972830e-07
4.845962993697029653e+00,4.475305879968056270e-07
4.852890746368505148e+00,4.914629064759623067e-07
4.859828402903700884e+00,5.137857968000329884e-07
4.866775977461104574e+00,5.023727306879638867e-07
4.873733484219448187e+00,4.646974434771483376e-07
4.880700937377732807e+00,5.048705981772236373e-07
4.887678351155257062e+00,4.766374713905963227e-07
4.894665739791648207e+00,4.869213397287135174e-07
4.901663117546890547e+00,4.582343210789064117e-07
4.908670498701353857e+00,5.008242258872119890e-07
4.915687897555823582e+00,4.972383742408475209e-07
4.922715328431529258e+00,4.939558422888834078e-07
4.929752805670172933e+00,4.869127644139239096e-07
4.936800343633962029e+00,4.744383643653257865e-07
4.943857956705633327e+00,4.766493163742030925e-07
4.950925659288486713e+00,4.656745015704350090e-07
4.958003465806411825e+00,4.107927994235414379e-07
4.965091390703920027e+00,4.855379949239877115e-07
4.972189448446171056e+00,4.920862143178879565e-07
4.979297653519003219e+00,4.772070500605316369e-07
4.986416020428967144e+00,5.096562116358510557e-07
4.993544563703347094e+00,4.935453700674936586e-07
5.000683297890200052e+00,4.615786360744220716e-07
5.007832237558378807e+00,5.059800540664479008e-07
5.014991397297562159e+00,4.417417513841555235e-07
5.022160791718287776e+00,3.994335945296200407e-07
5.029340435451981506e+00,4.561123406892861277e-07
5.036530343150984024e+00,4.926925163425158987e-07
5.043730529488584580e+00,4.697627399193354434e-07
5.050941009159046757e+00,5.064246207341040611e-07
5.058161796877644889e+00,5.019860839957861629e-07
5.065392907380687149e+00,4.885859896903469578e-07
5.072634355425549302e+00,4.995089915969722479e-07
5.079886155790704905e+00,4.188179603281129813e-07
5.087148323275752837e+00,4.605028055767502246e-07
5.094420872701451053e+00,5.075842906047843771e-07
5.101703818909745891e+00,5.032447678611114613e-07
5.108997176763798720e+00,4.215612372880928045e-07
5.116300961148020576e+00,4.696670468106377159e-07
5.123615186968104140e+00,5.122306131311138463e-07
5.130939869151047716e+00,4.375117935219947978e-07
5.138275022645188095e+00,4.411238049224016249e-07
5.145620662420235192e+00,3.687522437223509681e-07
5.152976803467297806e+00,4.569311092884605134e-07
5.160343460798916482e+00,4.549429300930528793e-07
5.167720649449094594e+00,4.646513767076339130e-07
5.175108384473325884e+00,4.363257273675581961e-07
5.182506680948627320e+00,5.102651316796587560e-07
5.189915553973571960e+00,4.957781679548542902e-07
5.197335018668317375e+00,4.244323857820895204e-07
5.204765090174634068e+00,4.068020570156184012e-07
5.212205783655941005e+00,3.425477550761552657e-07
5.219657114297337586e+00,4.024288523291421826e-07
5.227119097305625850e+00,4.919953063646856192e-07
5.234591747909351334e+00,4.726585521731649675e-07
5.242075081358828825e+00,4.080368140250967158e-07
5.249569112926176118e+00,4.902102905144294066e-07
5.257073857905341541e+00,4.582239479251623735e-07
5.264589331612140377e+00,5.014707723032096819e-07
5.272115549384281508e+00,4.029598693777511820e-07
5.279652526581399385e+00,3.667491717201147834e-07
5.287200278585091340e+00,4.528917209532407342e-07
5.294758820798937116e+00,3.836363068761275826e-07
5.302328168648543283e+00,4.522983384677797683e-07
5.309908337581564552e+00,4.862583885229340444e-07
5.317499343067742856e+00,4.641571020020987536e-07
5.325101200598934881e+00,4.479027755983589384e-07
5.332713925689140488e+00,4.967350384023584240e-07
5.340337533874543574e+00,5.005069917872417023e-07
5.347972040713535158e+00,3.094451372797864140e-07
5.355617461786749800e+00,3.816926384411678056e-07
5.363273812697095799e+00,4.245507972845916941e-07
5.370941109069786279e+00,3.681634008567786778e-07
5.378619366552374714e+00,4.031591040616860716e-07
5.386308600814780689e+00,4.676082138940922639e-07
5.394008827549326313e+00,4.792861422305927887e-07
5.401720062470769967e+00,4.441789962675749637e-07
5.409442321316332070e+00,3.223394107290718472e-07
5.417175619845734147e+00,3.337472943880501041e-07
5.424919973841225485e+00,2.764289457984426695e-07
5.432675399107618652e+00,4.206804012215834528e-07
5.440441911472319703e+00,4.014546320192674112e-07
5.448219526785361033e+00,4.548172135952330747e-07
5.456008260919436026e+00,3.441459806352695193e-07
5.463808129769929245e+00,3.593840512600059319e-07
5.471619149254947523e+00,4.588306136210036744e-07
5.479441335315355488e+00,3.341265326768320075e-07
5.487274703914806651e+00,4.164154610388046091e-07
5.495119271039774489e+00,5.066617388298387774e-07
5.502975052699589753e+00,3.662257607930233103e-07
5.510842064926465333e+00,4.154295808485880667e-07
5.518720323775538006e+00,3.479427731695255757e-07
5.526609845324896853e+00,3.592292979582052396e-07
5.534510645675611684e+00,3.928764092142498421e-07
5.542422740951773896e+00,4.559139302458602858e-07
5.550346147300525779e+00,2.725624649781628504e-07
5.558280880892092490e+00,3.465875374152972838e-07
5.566226957919815810e+00,3.125857740436104357e-07
5.574184394600187886e+00,3.775135692234936927e-07
5.582153207172883214e+00,3.169249329174621541e-07
5.590133411900794158e+00,4.147577739969204675e-07
5.598125025070059380e+00,4.256812819397905447e-07
5.606128062990102023e+00,3.896723835653072842e-07
5.614142541993662583e+00,3.417741340221960584e-07
5.622168478436827321e+00,3.358556053066099753e-07
5.630205888699068240e+00,4.151727859234177653e-07
5.638254789183269722e+00,3.992995150293437853e-07
5.646315196315770280e+00,3.330127637908951565e-07
5.654387126546385645e+00,3.046804416366516791e-07
5.662470596348454066e+00,4.089614873469518137e-07
5.670565622218859403e+00,4.203134781285368791e-07
5.678672220678072868e+00,3.512319597091091050e-07
5.686790408270178787e+00,3.633634904589515676e-07
5.694920201562917228e+00,3.905335900942154118e-07
5.703061617147710649e+00,3.998027819337997165e-07
5.711214671639702978e+00,2.753633318484712738e-07
5.719379381677787144e+00,2.723579228484216753e-07
5.727555763924646826e+00,3.562644769808950424e-07
5.735743835066783092e+00,2.916869662053623364e-07
5.743943611814556149e+00,3.967518544422906457e-07
5.752155110902211987e+00,3.704498354470652292e-07
5.760378349087918792e+00,4.202060072917180905e-07
5.768613343153806028e+00,2.474766725653773277e-07
5.776860109905992857e+00,3.060279918026181522e-07
5.785118666174622781e+00,3.822503357841104389e-07
5.793389028813900055e+00,4.527403491095902989e-07
5.801671214702126989e+00,3.650502938124683986e-07
5.809965240741729708e+00,4.522952812558934988e-07
5.818271123859302563e+00,3.089909389768604174e-07
5.826588881005634768e+00,2.684514315105374106e-07
5.834918529155750377e+00,2.997199772016814654e-07
5.843260085308939367e+00,3.848919962700259924e-07
5.851613566488795826e+00,4.246229187782128408e-07
5.859978989743247269e+00,3.678800197135039194e-07
5.868356372144596378e+00,3.200247289863683066e-07
5.876745730789550315e+00,3.071621522763996919e-07
5.885147082799257134e+00,2.986238961350212946e-07
5.893560445319342200e+00,3.047186414548391549e-07
5.901985835519941936e+00,3.542308708567955270e-07
5.910423270595739353e+00,4.666870049796897317e-07
5.918872767765998688e+00,3.569544133819154536e-07
5.927334344274600042e+00,4.022191767362322364e-07
5.935808017390074909e+00,2.615961520157305971e-07
5.944293804405644366e+00,3.247417941014751602e-07
5.952791722639248384e+00,3.035597991660175166e-07
5.961301789433586684e+00,4.548355518356355066e-07
5.969824022156151599e+00,3.246321886502250655e-07
5.978358438199263603e+00,4.240921809316729804e-07
5.986905054980106833e+00,3.501727606776187060e-07
5.995463889940765512e+00,3.993585741916745689e-07
